사고번호,사고일시,요일,시군구,사고내용,사망자수,중상자수,경상자수,부상신고자수,사고유형,법규위반,노면상태,기상상태,도로형태,가해운전자 차종,가해운전자 성별,가해운전자 연령,가해운전자 상해정도,피해운전자 차종,피해운전자 성별,피해운전자 연령,피해운전자 상해정도
2020051000100082,2020년 5월 10일 07시,일요일,서울특별시 강서구 화곡동,경상사고,0,0,1,0,차대차 - 기타,신호위반,포장 - 건조,맑음,기타 - 기타,화물,남,52세,상해없음,자전거,남,57세,경상
2020051000100090,2020년 5월 10일 08시,일요일,서울특별시 금천구 독산동,경상사고,0,0,1,1,차대차 - 기타,안전운전불이행,포장 - 젖음/습기,비,단일로 - 기타,자전거,남,57세,부상신고,자전거,남,59세,경상
2020051000100185,2020년 5월 10일 14시,일요일,서울특별시 동작구 흑석동,경상사고,0,0,1,0,차대차 - 측면충돌,안전운전불이행,포장 - 건조,맑음,단일로 - 기타,자전거,남,50세,기타불명,자전거,남,42세,경상
2020051000100188,2020년 5월 10일 14시,일요일,서울특별시 노원구 하계동,중상사고,0,1,0,0,차대차 - 측면충돌,안전운전불이행,포장 - 젖음/습기,흐림,교차로 - 교차로안,승용,여,53세,상해없음,자전거,남,65세,중상
2020051000100203,2020년 5월 10일 15시,일요일,서울특별시 용산구 동자동,경상사고,0,0,1,0,차대차 - 기타,신호위반,포장 - 건조,맑음,단일로 - 기타,이륜,남,40세,상해없음,자전거,여,46세,경상
2020051000100270,2020년 5월 10일 17시,일요일,서울특별시 영등포구 양화동,부상신고사고,0,0,0,1,차대차 - 기타,안전운전불이행,포장 - 건조,맑음,단일로 - 기타,자전거,남,44세,부상신고,자전거,남,42세,상해없음
2020051100100002,2020년 5월 11일 00시,월요일,서울특별시 송파구 잠실동,중상사고,0,1,0,0,차대차 - 측면충돌,신호위반,포장 - 건조,맑음,교차로 - 교차로안,승용,남,23세,상해없음,자전거,남,50세,중상
2020051100100029,2020년 5월 11일 04시,월요일,서울특별시 서대문구 남가좌동,중상사고,0,1,0,0,차대차 - 기타,불법유턴,포장 - 건조,맑음,교차로 - 교차로안,화물,남,64세,상해없음,자전거,남,24세,중상
2020051100100138,2020년 5월 11일 09시,월요일,서울특별시 중랑구 면목동,경상사고,0,0,1,0,차대차 - 측면충돌,신호위반,포장 - 건조,맑음,단일로 - 기타,이륜,남,61세,상해없음,자전거,여,59세,경상
2020051100100266,2020년 5월 11일 12시,월요일,서울특별시 양천구 신월동,경상사고,0,0,1,0,차대차 - 기타,안전운전불이행,포장 - 건조,맑음,단일로 - 기타,승용,남,52세,상해없음,자전거,남,44세,경상
2020051100100428,2020년 5월 11일 16시,월요일,서울특별시 영등포구 양화동,중상사고,0,1,0,1,차대차 - 측면충돌,안전운전불이행,포장 - 건조,맑음,단일로 - 기타,자전거,남,19세,부상신고,자전거,남,82세,중상
2020051100100568,2020년 5월 11일 20시,월요일,서울특별시 광진구 구의동,경상사고,0,0,2,0,차대차 - 기타,안전운전불이행,포장 - 건조,맑음,단일로 - 교량,자전거,남,33세,경상,자전거,여,27세,경상
2020051100100600,2020년 5월 11일 21시,월요일,서울특별시 중랑구 면목동,경상사고,0,0,1,0,차대차 - 기타,안전운전불이행,포장 - 건조,맑음,단일로 - 기타,승용,남,63세,상해없음,자전거,남,23세,경상
2020051200100454,2020년 5월 12일 18시,화요일,서울특별시 강동구 고덕동,중상사고,0,1,0,0,차대차 - 기타,안전운전불이행,포장 - 건조,맑음,교차로 - 교차로안,화물,남,69세,상해없음,자전거,남,10세,중상
2020051200100455,2020년 5월 12일 18시,화요일,서울특별시 강동구 천호동,부상신고사고,0,0,0,1,차대차 - 기타,안전운전불이행,포장 - 건조,맑음,단일로 - 기타,기타불명,기타불명,미분류,기타불명,자전거,남,38세,부상신고
2020051200100493,2020년 5월 12일 19시,화요일,서울특별시 영등포구 신길동,부상신고사고,0,0,0,1,차대차 - 기타,안전운전불이행,포장 - 건조,맑음,단일로 - 기타,원동기,여,59세,상해없음,자전거,남,62세,부상신고
2020051200100544,2020년 5월 12일 21시,화요일,서울특별시 마포구 용강동,중상사고,0,1,0,0,차대차 - 기타,신호위반,포장 - 건조,맑음,단일로 - 기타,승용,여,47세,상해없음,자전거,남,14세,중상
2020051200100567,2020년 5월 12일 22시,화요일,서울특별시 강동구 천호동,경상사고,0,0,1,0,차대차 - 기타,안전운전불이행,포장 - 건조,맑음,교차로 - 교차로안,승용,여,40세,상해없음,자전거,남,19세,경상
2020051300100043,2020년 5월 13일 04시,수요일,서울특별시 강남구 논현동,경상사고,0,0,1,0,차대차 - 기타,신호위반,포장 - 건조,맑음,단일로 - 기타,기타불명,기타불명,미분류,기타불명,자전거,남,44세,경상
2020051300100178,2020년 5월 13일 10시,수요일,서울특별시 금천구 시흥동,중상사고,0,1,0,0,차대차 - 측면충돌,안전운전불이행,포장 - 건조,맑음,단일로 - 기타,자전거,남,67세,상해없음,자전거,남,73세,중상
2020051300100179,2020년 5월 13일 10시,수요일,서울특별시 강동구 천호동,중상사고,0,2,0,0,차대차 - 정면충돌,안전운전불이행,포장 - 건조,맑음,단일로 - 기타,자전거,남,79세,중상,자전거,남,42세,중상
2020051300100212,2020년 5월 13일 11시,수요일,서울특별시 도봉구 방학동,경상사고,0,0,1,0,차대차 - 측면충돌,안전운전불이행,포장 - 건조,맑음,단일로 - 기타,승용,여,65세,상해없음,자전거,여,62세,경상
2020051300100310,2020년 5월 13일 14시,수요일,서울특별시 강남구 일원동,중상사고,0,1,0,0,차대차 - 기타,안전운전불이행,포장 - 건조,맑음,단일로 - 기타,승용,여,62세,상해없음,자전거,남,12세,중상
2020051300100435,2020년 5월 13일 17시,수요일,서울특별시 영등포구 당산동4가,경상사고,0,0,1,0,차대차 - 기타,안전거리미확보,포장 - 건조,맑음,기타 - 기타,승용,남,57세,상해없음,자전거,남,69세,경상
2020051300100437,2020년 5월 13일 17시,수요일,서울특별시 강동구 길동,경상사고,0,0,1,0,차대차 - 기타,안전운전불이행,포장 - 건조,맑음,단일로 - 기타,승합,남,79세,상해없음,자전거,남,13세,경상
2020051300100575,2020년 5월 13일 20시,수요일,서울특별시 중랑구 중화동,경상사고,0,0,1,0,차대차 - 측면충돌,안전운전불이행,포장 - 건조,맑음,단일로 - 기타,화물,남,31세,상해없음,자전거,여,48세,경상
2020051300100576,2020년 5월 13일 20시,수요일,서울특별시 강서구 등촌동,중상사고,0,1,0,0,차대차 - 정면충돌,신호위반,포장 - 건조,맑음,단일로 - 기타,자전거,남,48세,상해없음,자전거,남,57세,중상
2020051300100603,2020년 5월 13일 21시,수요일,서울특별시 강서구 가양동,중상사고,0,1,0,0,차대차 - 기타,신호위반,포장 - 건조,맑음,단일로 - 기타,승용,남,76세,상해없음,자전거,남,22세,중상
2020051300100619,2020년 5월 13일 22시,수요일,서울특별시 동작구 노량진동,경상사고,0,0,1,0,차대차 - 측면충돌,안전운전불이행,포장 - 건조,맑음,단일로 - 기타,자전거,남,43세,기타불명,자전거,여,25세,경상
2020051400100072,2020년 5월 14일 08시,목요일,서울특별시 강북구 미아동,경상사고,0,0,1,0,차대차 - 기타,안전운전불이행,포장 - 건조,맑음,교차로 - 교차로부근,승용,남,72세,상해없음,자전거,남,47세,경상
2020051400100175,2020년 5월 14일 11시,목요일,서울특별시 종로구 신문로1가,경상사고,0,0,1,0,차대차 - 추돌,안전운전불이행,포장 - 건조,맑음,단일로 - 기타,승용,남,77세,상해없음,자전거,남,34세,경상
2020051400100246,2020년 5월 14일 13시,목요일,서울특별시 강서구 등촌동,경상사고,0,0,1,0,차대차 - 기타,안전운전불이행,포장 - 건조,맑음,교차로 - 교차로횡단보도내,승용,남,65세,상해없음,자전거,남,10세,경상
2020051400100320,2020년 5월 14일 15시,목요일,서울특별시 강동구 길동,중상사고,0,1,0,0,차대차 - 측면충돌,안전운전불이행,포장 - 건조,맑음,단일로 - 기타,화물,남,25세,상해없음,자전거,여,60세,중상
2020051400100388,2020년 5월 14일 17시,목요일,서울특별시 영등포구 당산동5가,중상사고,0,1,0,0,차대차 - 측면충돌,안전운전불이행,포장 - 건조,맑음,단일로 - 기타,기타불명,기타불명,미분류,기타불명,자전거,남,52세,중상
2020051400100558,2020년 5월 14일 21시,목요일,서울특별시 중랑구 묵동,경상사고,0,0,2,0,차대차 - 측면충돌,안전운전불이행,포장 - 건조,맑음,교차로 - 교차로안,자전거,여,49세,경상,자전거,남,33세,경상
2020051500100355,2020년 5월 15일 16시,금요일,서울특별시 송파구 문정동,경상사고,0,0,1,0,차대차 - 기타,안전운전불이행,포장 - 젖음/습기,비,교차로 - 교차로안,승용,남,66세,상해없음,자전거,남,20세,경상
2020051500100578,2020년 5월 15일 21시,금요일,서울특별시 강서구 방화동,중상사고,0,1,0,0,차대차 - 측면충돌,신호위반,포장 - 젖음/습기,비,교차로 - 교차로안,이륜,남,62세,상해없음,자전거,남,62세,중상
2020051600100299,2020년 5월 16일 15시,토요일,서울특별시 강동구 성내동,경상사고,0,0,1,0,차대차 - 기타,안전운전불이행,포장 - 건조,맑음,교차로 - 교차로부근,승용,남,63세,상해없음,자전거,남,52세,경상
2020051600100301,2020년 5월 16일 15시,토요일,서울특별시 도봉구 창동,경상사고,0,0,1,1,차대차 - 정면충돌,안전운전불이행,포장 - 건조,맑음,단일로 - 기타,자전거,남,70세,부상신고,자전거,남,40세,경상
2020051600100303,2020년 5월 16일 15시,토요일,서울특별시 강남구 대치동,경상사고,0,0,1,0,차대차 - 기타,직진우회전진행방해,포장 - 건조,맑음,교차로 - 교차로안,승용,여,54세,상해없음,자전거,남,14세,경상
2020051600100394,2020년 5월 16일 18시,토요일,서울특별시 마포구 노고산동,부상신고사고,0,0,0,1,차대차 - 기타,안전운전불이행,포장 - 건조,맑음,단일로 - 기타,기타불명,기타불명,미분류,기타불명,자전거,남,24세,부상신고
2020051600100457,2020년 5월 16일 20시,토요일,서울특별시 영등포구 당산동,경상사고,0,0,2,0,차대차 - 추돌,안전운전불이행,포장 - 건조,맑음,단일로 - 기타,자전거,남,39세,경상,자전거,여,27세,경상
2020051700100080,2020년 5월 17일 08시,일요일,서울특별시 동작구 본동,경상사고,0,0,1,0,차대차 - 측면충돌,안전운전불이행,포장 - 건조,맑음,교차로 - 교차로부근,승용,남,56세,상해없음,자전거,남,43세,경상
2020051700100096,2020년 5월 17일 09시,일요일,서울특별시 영등포구 양평동2가,부상신고사고,0,0,0,1,차대차 - 기타,안전운전불이행,포장 - 건조,맑음,단일로 - 기타,자전거,남,50세,상해없음,자전거,남,60세,부상신고
2020051700100125,2020년 5월 17일 11시,일요일,서울특별시 송파구 풍납동,중상사고,0,2,0,0,차대차 - 추돌,안전운전불이행,포장 - 건조,맑음,단일로 - 기타,자전거,남,40세,중상,자전거,남,61세,중상
2020051700100239,2020년 5월 17일 15시,일요일,서울특별시 동작구 흑석동,중상사고,0,2,0,0,차대차 - 추돌,안전운전불이행,포장 - 건조,맑음,단일로 - 기타,자전거,남,57세,중상,자전거,여,28세,중상
2020051700100240,2020년 5월 17일 15시,일요일,서울특별시 송파구 잠실동,중상사고,0,1,0,1,차대차 - 측면충돌,안전운전불이행,포장 - 건조,맑음,단일로 - 기타,자전거,여,44세,부상신고,자전거,여,72세,중상
2020051700100241,2020년 5월 17일 15시,일요일,서울특별시 노원구 하계동,중상사고,0,1,0,0,차대차 - 기타,안전운전불이행,포장 - 건조,맑음,단일로 - 기타,기타불명,기타불명,미분류,기타불명,자전거,여,57세,중상
2020051700100271,2020년 5월 17일 16시,일요일,서울특별시 영등포구 여의도동,중상사고,0,1,0,1,차대차 - 기타,안전운전불이행,포장 - 건조,맑음,기타 - 기타,자전거,남,41세,중상,자전거,남,46세,부상신고
2020051700100301,2020년 5월 17일 17시,일요일,서울특별시 강동구 천호동,중상사고,0,1,1,0,차대차 - 추돌,안전운전불이행,포장 - 건조,맑음,단일로 - 기타,자전거,남,54세,중상,자전거,여,39세,경상
2020051700100302,2020년 5월 17일 17시,일요일,서울특별시 송파구 잠실동,중상사고,0,1,0,0,차대차 - 측면충돌,안전운전불이행,포장 - 건조,맑음,단일로 - 기타,자전거,남,25세,상해없음,자전거,남,45세,중상
2020051700100340,2020년 5월 17일 18시,일요일,서울특별시 마포구 마포동,부상신고사고,0,0,0,2,차대차 - 기타,안전운전불이행,포장 - 건조,맑음,단일로 - 교량,자전거,남,38세,부상신고,자전거,남,10세,부상신고
2020051700100341,2020년 5월 17일 18시,일요일,서울특별시 성동구 성수동1가,경상사고,0,0,1,0,차대차 - 측면충돌,안전운전불이행,포장 - 건조,맑음,단일로 - 기타,자전거,남,63세,기타불명,자전거,여,63세,경상
2020051700100363,2020년 5월 17일 19시,일요일,서울특별시 강북구 미아동,경상사고,0,0,1,0,차대차 - 측면충돌,직진우회전진행방해,포장 - 건조,맑음,교차로 - 교차로안,이륜,남,40세,상해없음,자전거,남,26세,경상
2020051700100364,2020년 5월 17일 19시,일요일,서울특별시 광진구 중곡동,중상사고,0,1,0,0,차대차 - 기타,안전운전불이행,포장 - 건조,맑음,단일로 - 기타,기타불명,기타불명,미분류,기타불명,자전거,남,42세,중상
2020051700100385,2020년 5월 17일 20시,일요일,서울특별시 광진구 자양동,경상사고,0,0,1,0,차대차 - 기타,안전운전불이행,포장 - 건조,맑음,단일로 - 기타,개인형이동수단(PM),여,19세,경상,자전거,남,68세,상해없음
2020051800100094,2020년 5월 18일 09시,월요일,서울특별시 마포구 노고산동,경상사고,0,0,1,0,차대차 - 후진중충돌,불법유턴,포장 - 건조,맑음,교차로 - 교차로안,승용,남,44세,상해없음,자전거,남,48세,경상
2020051800100096,2020년 5월 18일 09시,월요일,서울특별시 성동구 송정동,중상사고,0,1,0,0,차대차 - 기타,기타,포장 - 건조,맑음,단일로 - 기타,승용,남,66세,상해없음,자전거,남,31세,중상
2020051800100100,2020년 5월 18일 09시,월요일,서울특별시 노원구 공릉동,경상사고,0,0,1,0,차대차 - 기타,안전운전불이행,포장 - 젖음/습기,흐림,교차로 - 교차로안,화물,남,70세,상해없음,자전거,여,50세,경상
2020051800100129,2020년 5월 18일 10시,월요일,서울특별시 양천구 신월동,부상신고사고,0,0,0,1,차대차 - 측면충돌,안전운전불이행,포장 - 건조,맑음,교차로 - 교차로안,화물,남,64세,상해없음,자전거,남,52세,부상신고
2020051800100318,2020년 5월 18일 15시,월요일,서울특별시 송파구 잠실동,중상사고,0,1,1,1,차대차 - 측면충돌,안전운전불이행,포장 - 젖음/습기,흐림,단일로 - 기타,자전거,남,13세,부상신고,자전거,여,62세,중상
2020051900100254,2020년 5월 19일 14시,화요일,서울특별시 송파구 잠실동,중상사고,0,1,0,0,차대차 - 기타,안전운전불이행,포장 - 건조,맑음,단일로 - 기타,승용,여,47세,상해없음,자전거,여,54세,중상
2020051900100321,2020년 5월 19일 16시,화요일,서울특별시 영등포구 대림동,중상사고,0,1,0,0,차대차 - 후진중충돌,안전운전불이행,포장 - 건조,맑음,단일로 - 기타,승용,남,47세,상해없음,자전거,남,66세,중상
2020051900100323,2020년 5월 19일 16시,화요일,서울특별시 송파구 잠실동,경상사고,0,0,1,0,차대차 - 정면충돌,안전운전불이행,포장 - 건조,맑음,단일로 - 기타,승용,여,42세,상해없음,자전거,남,15세,경상
2020051900100531,2020년 5월 19일 22시,화요일,서울특별시 중랑구 신내동,경상사고,0,0,1,0,차대차 - 측면충돌,중앙선침범,포장 - 건조,맑음,단일로 - 기타,승용,남,51세,상해없음,자전거,남,60세,경상
2020052000100046,2020년 5월 20일 04시,수요일,서울특별시 서대문구 북가좌동,경상사고,0,0,1,0,차대차 - 측면충돌,교차로운행방법위반,포장 - 건조,맑음,교차로 - 교차로안,승용,남,65세,상해없음,자전거,여,58세,경상
2020052000100132,2020년 5월 20일 09시,수요일,서울특별시 송파구 거여동,경상사고,0,0,1,0,차대차 - 기타,직진우회전진행방해,포장 - 건조,맑음,교차로 - 교차로안,승용,남,75세,기타불명,자전거,남,30세,경상
2020052000100300,2020년 5월 20일 13시,수요일,서울특별시 중랑구 면목동,부상신고사고,0,0,0,1,차대차 - 기타,안전운전불이행,포장 - 건조,맑음,단일로 - 기타,기타불명,기타불명,미분류,기타불명,자전거,남,51세,부상신고
2020052000100334,2020년 5월 20일 14시,수요일,서울특별시 강동구 천호동,부상신고사고,0,0,0,1,차대차 - 추돌,안전운전불이행,포장 - 건조,맑음,기타 - 기타,승용,남,35세,상해없음,자전거,남,57세,부상신고
2020052000100336,2020년 5월 20일 14시,수요일,서울특별시 노원구 하계동,경상사고,0,0,1,0,차대차 - 기타,안전운전불이행,포장 - 건조,맑음,단일로 - 기타,승용,남,43세,상해없음,자전거,남,46세,경상
2020052000100370,2020년 5월 20일 15시,수요일,서울특별시 중랑구 면목동,경상사고,0,0,2,0,차대차 - 기타,신호위반,포장 - 건조,맑음,단일로 - 기타,이륜,남,35세,상해없음,자전거,여,80세,경상
2020052000100372,2020년 5월 20일 15시,수요일,서울특별시 송파구 마천동,경상사고,0,0,1,0,차대차 - 측면충돌,신호위반,포장 - 건조,맑음,교차로 - 교차로안,승용,남,77세,상해없음,자전거,남,24세,경상
2020052000100460,2020년 5월 20일 17시,수요일,서울특별시 송파구 가락동,중상사고,0,1,1,0,차대차 - 기타,교차로운행방법위반,포장 - 건조,맑음,교차로 - 교차로안,승용,여,59세,경상,자전거,여,63세,중상
2020052000100514,2020년 5월 20일 18시,수요일,서울특별시 성동구 상왕십리동,경상사고,0,0,1,0,차대차 - 측면충돌,신호위반,포장 - 건조,맑음,교차로 - 교차로안,승용,남,42세,상해없음,자전거,남,35세,경상
2020052000100566,2020년 5월 20일 19시,수요일,서울특별시 동대문구 장안동,중상사고,0,1,0,0,차대차 - 측면충돌,직진우회전진행방해,포장 - 건조,맑음,교차로 - 교차로안,자전거,남,48세,상해없음,자전거,여,51세,중상
2020052000100648,2020년 5월 20일 22시,수요일,서울특별시 광진구 구의동,중상사고,0,1,0,0,차대차 - 기타,안전운전불이행,포장 - 건조,맑음,단일로 - 기타,자전거,남,9세,상해없음,자전거,남,28세,중상
2020052100100079,2020년 5월 21일 08시,목요일,서울특별시 송파구 장지동,중상사고,0,1,0,0,차대차 - 측면충돌,안전운전불이행,포장 - 건조,맑음,교차로 - 교차로부근,승용,여,53세,상해없음,자전거,여,31세,중상
2020052100100195,2020년 5월 21일 11시,목요일,서울특별시 강서구 가양동,경상사고,0,0,1,0,차대차 - 측면충돌,신호위반,포장 - 건조,맑음,단일로 - 기타,승용,여,57세,상해없음,자전거,여,66세,경상
2020052100100303,2020년 5월 21일 14시,목요일,서울특별시 서초구 방배동,부상신고사고,0,0,0,1,차대차 - 측면충돌,안전운전불이행,포장 - 건조,맑음,교차로 - 교차로안,승용,여,58세,상해없음,자전거,남,6세,부상신고
2020052100100407,2020년 5월 21일 17시,목요일,서울특별시 마포구 망원동,경상사고,0,0,1,0,차대차 - 기타,안전운전불이행,포장 - 건조,맑음,기타 - 기타,자전거,여,20세,상해없음,자전거,남,39세,경상
2020052100100549,2020년 5월 21일 20시,목요일,서울특별시 강남구 논현동,경상사고,0,0,1,0,차대차 - 기타,기타,포장 - 건조,기타,기타 - 기타,승용,남,38세,상해없음,자전거,여,28세,경상
2020052100100551,2020년 5월 21일 20시,목요일,서울특별시 강동구 길동,경상사고,0,0,1,0,차대차 - 기타,안전운전불이행,포장 - 건조,맑음,교차로 - 교차로안,승합,남,57세,상해없음,자전거,남,59세,경상
2020052200100256,2020년 5월 22일 13시,금요일,서울특별시 마포구 연남동,중상사고,0,1,0,0,차대차 - 측면충돌,안전운전불이행,포장 - 건조,맑음,기타 - 기타,승용,여,28세,상해없음,자전거,여,24세,중상
2020052200100346,2020년 5월 22일 15시,금요일,서울특별시 강동구 천호동,중상사고,0,1,0,0,차대차 - 측면충돌,안전운전불이행,포장 - 건조,맑음,단일로 - 기타,자전거,남,57세,상해없음,자전거,여,50세,중상
2020052200100430,2020년 5월 22일 17시,금요일,서울특별시 강서구 마곡동,중상사고,0,1,0,0,차대차 - 측면충돌,안전운전불이행,포장 - 건조,맑음,교차로 - 교차로안,승용,남,26세,상해없음,자전거,여,30세,중상
2020052200100657,2020년 5월 22일 22시,금요일,서울특별시 강남구 대치동,중상사고,0,1,0,0,차대차 - 측면충돌,신호위반,포장 - 건조,맑음,교차로 - 교차로횡단보도내,승용,남,27세,상해없음,자전거,남,11세,중상
2020052300100134,2020년 5월 23일 10시,토요일,서울특별시 마포구 하중동,중상사고,0,1,0,0,차대차 - 기타,안전운전불이행,포장 - 건조,맑음,단일로 - 기타,자전거,남,40세,중상,자전거,남,28세,상해없음
2020052300100163,2020년 5월 23일 11시,토요일,서울특별시 송파구 풍납동,중상사고,0,1,0,0,차대차 - 측면충돌,안전운전불이행,포장 - 건조,맑음,단일로 - 기타,자전거,남,53세,상해없음,자전거,여,51세,중상
2020052300100218,2020년 5월 23일 12시,토요일,서울특별시 강남구 수서동,경상사고,0,0,1,0,차대차 - 추돌,안전운전불이행,포장 - 건조,맑음,단일로 - 기타,자전거,남,59세,경상,자전거,남,26세,상해없음
2020052300100262,2020년 5월 23일 13시,토요일,서울특별시 송파구 송파동,중상사고,0,1,0,0,차대차 - 측면충돌,안전운전불이행,포장 - 건조,맑음,단일로 - 기타,자전거,남,49세,상해없음,자전거,여,76세,중상
2020052300100309,2020년 5월 23일 14시,토요일,서울특별시 송파구 풍납동,경상사고,0,0,1,0,차대차 - 측면충돌,불법유턴,포장 - 건조,맑음,단일로 - 기타,승용,남,32세,상해없음,자전거,남,43세,경상
2020052300100377,2020년 5월 23일 16시,토요일,서울특별시 영등포구 여의도동,부상신고사고,0,0,0,1,차대차 - 추돌,안전운전불이행,포장 - 건조,맑음,기타 - 기타,자전거,남,45세,부상신고,자전거,남,44세,상해없음
2020052300100417,2020년 5월 23일 17시,토요일,서울특별시 마포구 망원동,중상사고,0,1,0,0,차대차 - 정면충돌,신호위반,포장 - 건조,맑음,교차로 - 교차로부근,원동기,남,20세,상해없음,자전거,여,47세,중상
2020052300100418,2020년 5월 23일 17시,토요일,서울특별시 마포구 서교동,중상사고,0,1,0,0,차대차 - 기타,안전운전불이행,포장 - 건조,맑음,교차로 - 교차로안,승용,남,56세,상해없음,자전거,남,16세,중상
2020052300100419,2020년 5월 23일 17시,토요일,서울특별시 마포구 성산동,중상사고,0,1,0,0,차대차 - 기타,안전운전불이행,포장 - 건조,맑음,기타 - 기타,자전거,남,63세,상해없음,자전거,남,44세,중상
2020052300100463,2020년 5월 23일 18시,토요일,서울특별시 성북구 삼선동5가,중상사고,0,1,0,0,차대차 - 측면충돌,안전운전불이행,포장 - 건조,맑음,단일로 - 기타,이륜,남,56세,상해없음,자전거,여,9세,중상
2020052300100547,2020년 5월 23일 21시,토요일,서울특별시 중구 태평로1가,경상사고,0,0,1,0,차대차 - 측면충돌,안전거리미확보,포장 - 건조,맑음,단일로 - 기타,승용,남,45세,상해없음,자전거,남,40세,경상
2020052400100195,2020년 5월 24일 13시,일요일,서울특별시 중랑구 상봉동,경상사고,0,0,1,0,차대차 - 후진중충돌,안전운전불이행,포장 - 건조,맑음,단일로 - 기타,승용,남,23세,상해없음,자전거,남,38세,경상
2020052400100260,2020년 5월 24일 15시,일요일,서울특별시 송파구 풍납동,경상사고,0,0,1,0,차대차 - 정면충돌,안전운전불이행,포장 - 건조,맑음,단일로 - 기타,자전거,남,42세,상해없음,자전거,남,62세,경상
2020052400100308,2020년 5월 24일 17시,일요일,서울특별시 동작구 본동,경상사고,0,0,1,0,차대차 - 측면충돌,안전운전불이행,포장 - 건조,맑음,단일로 - 기타,자전거,남,39세,상해없음,자전거,여,25세,경상
2020052400100338,2020년 5월 24일 18시,일요일,서울특별시 구로구 구로동,경상사고,0,0,1,0,차대차 - 추돌,안전거리미확보,포장 - 건조,맑음,기타 - 기타,자전거,기타불명,미분류,기타불명,자전거,남,85세,경상
2020052400100339,2020년 5월 24일 18시,일요일,서울특별시 서초구 잠원동,경상사고,0,0,2,0,차대차 - 추돌,안전운전불이행,포장 - 건조,맑음,기타 - 기타,자전거,여,24세,경상,자전거,여,43세,경상
2020052400100376,2020년 5월 24일 19시,일요일,서울특별시 동작구 대방동,경상사고,0,0,1,0,차대차 - 추돌,안전운전불이행,포장 - 건조,맑음,단일로 - 기타,원동기,남,18세,상해없음,자전거,남,26세,경상
2020052500100150,2020년 5월 25일 10시,월요일,서울특별시 동작구 본동,경상사고,0,0,1,0,차대차 - 측면충돌,안전운전불이행,포장 - 건조,맑음,교차로 - 교차로횡단보도내,화물,남,28세,상해없음,자전거,여,26세,경상
2020052500100216,2020년 5월 25일 12시,월요일,서울특별시 강동구 길동,경상사고,0,0,1,0,차대차 - 기타,안전운전불이행,포장 - 건조,맑음,단일로 - 기타,승용,남,62세,상해없음,자전거,여,64세,경상
2020052500100391,2020년 5월 25일 17시,월요일,서울특별시 광진구 자양동,중상사고,0,1,0,0,차대차 - 기타,신호위반,포장 - 건조,맑음,교차로 - 교차로안,자전거,남,73세,중상,자전거,남,45세,상해없음
2020052500100484,2020년 5월 25일 19시,월요일,서울특별시 서초구 반포동,경상사고,0,0,1,0,차대차 - 추돌,안전운전불이행,포장 - 건조,맑음,기타 - 기타,자전거,남,61세,상해없음,자전거,여,25세,경상
2020052500100563,2020년 5월 25일 22시,월요일,서울특별시 영등포구 여의도동,경상사고,0,0,2,0,차대차 - 기타,안전운전불이행,포장 - 건조,맑음,단일로 - 기타,자전거,여,25세,경상,자전거,여,31세,경상
2020052500100564,2020년 5월 25일 22시,월요일,서울특별시 동작구 본동,중상사고,0,1,0,0,차대차 - 측면충돌,안전운전불이행,포장 - 건조,맑음,교차로 - 교차로횡단보도내,승용,남,49세,상해없음,자전거,남,35세,중상
2020052500100565,2020년 5월 25일 22시,월요일,서울특별시 강서구 방화동,경상사고,0,0,1,0,차대차 - 기타,신호위반,포장 - 건조,맑음,교차로 - 교차로부근,이륜,남,30세,상해없음,자전거,남,30세,경상
2020052500100584,2020년 5월 25일 23시,월요일,서울특별시 동대문구 청량리동,중상사고,0,1,0,0,차대차 - 측면충돌,신호위반,포장 - 건조,맑음,교차로 - 교차로안,승용,남,28세,상해없음,자전거,남,59세,중상
2020052600100053,2020년 5월 26일 06시,화요일,서울특별시 성북구 안암동5가,중상사고,0,1,0,0,차대차 - 기타,중앙선침범,포장 - 건조,맑음,단일로 - 기타,승용,남,51세,상해없음,자전거,남,25세,중상
2020052600100188,2020년 5월 26일 11시,화요일,서울특별시 송파구 송파동,경상사고,0,0,1,0,차대차 - 측면충돌,안전운전불이행,포장 - 건조,맑음,교차로 - 교차로부근,승용,남,60세,상해없음,자전거,남,31세,경상
2020052600100189,2020년 5월 26일 11시,화요일,서울특별시 구로구 구로동,중상사고,0,1,0,0,차대차 - 측면충돌,신호위반,포장 - 건조,맑음,단일로 - 기타,승용,남,59세,상해없음,자전거,남,57세,중상
2020052600100224,2020년 5월 26일 12시,화요일,서울특별시 성동구 성수동1가,부상신고사고,0,0,0,1,차대차 - 측면충돌,안전운전불이행,포장 - 건조,맑음,교차로 - 교차로부근,화물,남,38세,상해없음,자전거,남,66세,부상신고
2020052600100295,2020년 5월 26일 14시,화요일,서울특별시 송파구 방이동,경상사고,0,0,1,0,차대차 - 측면충돌,안전운전불이행,포장 - 건조,맑음,교차로 - 교차로안,승용,남,48세,상해없음,자전거,남,12세,경상
2020052700100195,2020년 5월 27일 11시,수요일,서울특별시 영등포구 당산동,중상사고,0,1,0,0,차대차 - 기타,안전운전불이행,포장 - 건조,맑음,단일로 - 기타,자전거,남,63세,중상,자전거,남,57세,상해없음