사고번호,사고일시,요일,시군구,사고내용,사망자수,중상자수,경상자수,부상신고자수,사고유형,법규위반,노면상태,기상상태,도로형태,가해운전자 차종,가해운전자 성별,가해운전자 연령,가해운전자 상해정도,피해운전자 차종,피해운전자 성별,피해운전자 연령,피해운전자 상해정도
2020072100100372,2020년 7월 21일 16시,화요일,서울특별시 성동구 성수동1가,경상사고,0,0,2,0,차대차 - 기타,안전운전불이행,포장 - 건조,맑음,단일로 - 기타,자전거,여,29세,경상,자전거,여,60세,경상
2020072100100504,2020년 7월 21일 19시,화요일,서울특별시 송파구 잠실동,경상사고,0,0,1,1,차대차 - 측면충돌,안전운전불이행,포장 - 건조,맑음,교차로 - 교차로안,자전거,남,39세,부상신고,자전거,남,53세,경상
2020072100100566,2020년 7월 21일 21시,화요일,서울특별시 송파구 가락동,경상사고,0,0,1,0,차대차 - 측면충돌,안전운전불이행,포장 - 건조,맑음,교차로 - 교차로안,화물,남,70세,상해없음,자전거,남,28세,경상
2020072200100067,2020년 7월 22일 06시,수요일,서울특별시 중랑구 상봉동,중상사고,0,1,0,0,차대차 - 측면충돌,안전운전불이행,포장 - 건조,맑음,교차로 - 교차로횡단보도내,승용,남,61세,상해없음,자전거,여,61세,중상
2020072200100394,2020년 7월 22일 16시,수요일,서울특별시 강남구 자곡동,중상사고,0,1,0,0,차대차 - 기타,안전운전불이행,포장 - 젖음/습기,비,교차로 - 교차로안,승용,여,21세,상해없음,자전거,남,14세,중상
2020072400100202,2020년 7월 24일 12시,금요일,서울특별시 노원구 월계동,경상사고,0,0,1,0,차대차 - 기타,안전운전불이행,포장 - 건조,맑음,교차로 - 교차로안,원동기,남,37세,상해없음,자전거,여,71세,경상
2020072400100464,2020년 7월 24일 19시,금요일,서울특별시 강동구 암사동,중상사고,0,1,0,0,차대차 - 측면충돌,안전운전불이행,포장 - 건조,맑음,단일로 - 기타,승용,여,66세,상해없음,자전거,남,60세,중상
2020072400100496,2020년 7월 24일 20시,금요일,서울특별시 강서구 방화동,경상사고,0,0,1,0,차대차 - 기타,안전운전불이행,포장 - 건조,맑음,교차로 - 교차로안,기타불명,기타불명,미분류,기타불명,자전거,남,13세,경상
2020072500100099,2020년 7월 25일 06시,토요일,서울특별시 구로구 신도림동,경상사고,0,0,1,0,차대차 - 기타,신호위반,포장 - 건조,흐림,교차로 - 교차로횡단보도내,승용,남,51세,상해없음,자전거,남,50세,경상
2020072500100123,2020년 7월 25일 08시,토요일,서울특별시 중랑구 면목동,경상사고,0,0,1,0,차대차 - 기타,안전운전불이행,포장 - 건조,맑음,교차로 - 교차로부근,승용,남,65세,상해없음,자전거,여,73세,경상
2020072500100265,2020년 7월 25일 13시,토요일,서울특별시 동대문구 휘경동,경상사고,0,0,1,0,차대차 - 정면충돌,안전운전불이행,포장 - 건조,맑음,기타 - 기타,승용,남,55세,상해없음,자전거,여,8세,경상
2020072500100314,2020년 7월 25일 14시,토요일,서울특별시 도봉구 방학동,경상사고,0,0,1,1,차대차 - 기타,안전운전불이행,포장 - 건조,맑음,단일로 - 기타,자전거,여,50세,상해없음,자전거,남,65세,경상
2020072500100347,2020년 7월 25일 15시,토요일,서울특별시 강동구 암사동,중상사고,0,1,0,0,차대차 - 측면충돌,신호위반,포장 - 건조,맑음,교차로 - 교차로횡단보도내,승용,남,62세,상해없음,자전거,남,68세,중상
2020072500100490,2020년 7월 25일 19시,토요일,서울특별시 중랑구 중화동,중상사고,0,1,0,0,차대차 - 측면충돌,신호위반,포장 - 건조,맑음,단일로 - 기타,승용,여,58세,상해없음,자전거,여,55세,중상
2020072500100595,2020년 7월 25일 22시,토요일,서울특별시 양천구 신월동,중상사고,0,1,0,0,차대차 - 기타,안전운전불이행,포장 - 건조,맑음,교차로 - 교차로횡단보도내,승용,여,60세,상해없음,자전거,남,21세,중상
2020072600100157,2020년 7월 26일 12시,일요일,서울특별시 강동구 천호동,중상사고,0,1,0,0,차대차 - 추돌,안전운전불이행,포장 - 건조,맑음,교차로 - 교차로안,기타불명,기타불명,미분류,기타불명,자전거,여,71세,중상
2020072600100178,2020년 7월 26일 13시,일요일,서울특별시 성동구 용답동,경상사고,0,0,1,0,차대차 - 측면충돌,안전운전불이행,포장 - 건조,맑음,단일로 - 기타,자전거,남,43세,상해없음,자전거,남,63세,경상
2020072600100207,2020년 7월 26일 14시,일요일,서울특별시 중구 신당동,경상사고,0,0,1,0,차대차 - 정면충돌,기타,포장 - 건조,맑음,교차로 - 교차로부근,화물,남,64세,상해없음,자전거,남,6세,경상
2020072600100208,2020년 7월 26일 14시,일요일,서울특별시 동대문구 신설동,경상사고,0,0,1,0,차대차 - 기타,기타,포장 - 건조,맑음,단일로 - 기타,승용,남,60세,상해없음,자전거,남,47세,경상
2020072600100248,2020년 7월 26일 15시,일요일,서울특별시 송파구 잠실동,중상사고,0,1,0,0,차대차 - 측면충돌,안전운전불이행,포장 - 건조,맑음,단일로 - 기타,기타불명,기타불명,미분류,기타불명,자전거,여,67세,중상
2020072600100313,2020년 7월 26일 17시,일요일,서울특별시 동대문구 장안동,경상사고,0,0,1,0,차대차 - 측면충돌,안전운전불이행,포장 - 건조,맑음,단일로 - 기타,승용,남,30세,상해없음,자전거,남,49세,경상
2020072700100083,2020년 7월 27일 08시,월요일,서울특별시 양천구 신월동,경상사고,0,0,1,0,차대차 - 기타,신호위반,포장 - 젖음/습기,흐림,기타 - 기타,화물,남,62세,상해없음,자전거,남,26세,경상
2020072700100122,2020년 7월 27일 09시,월요일,서울특별시 강남구 대치동,중상사고,0,1,0,0,차대차 - 기타,불법유턴,포장 - 건조,맑음,기타 - 기타,승용,남,63세,상해없음,자전거,남,12세,중상
2020072800100059,2020년 7월 28일 06시,화요일,서울특별시 송파구 송파동,중상사고,0,1,0,0,차대차 - 기타,안전운전불이행,포장 - 건조,맑음,교차로 - 교차로횡단보도내,화물,남,66세,상해없음,자전거,남,57세,중상
2020072800100208,2020년 7월 28일 13시,화요일,서울특별시 마포구 상암동,경상사고,0,0,1,0,차대차 - 측면충돌,안전운전불이행,포장 - 건조,흐림,교차로 - 교차로횡단보도내,승용,남,58세,상해없음,자전거,여,53세,경상
2020072800100304,2020년 7월 28일 16시,화요일,서울특별시 성북구 보문동7가,경상사고,0,0,1,0,차대차 - 측면충돌,안전운전불이행,포장 - 젖음/습기,비,교차로 - 교차로부근,화물,남,45세,상해없음,자전거,남,62세,경상
2020072800100434,2020년 7월 28일 19시,화요일,서울특별시 동작구 흑석동,경상사고,0,0,1,0,차대차 - 측면충돌,신호위반,포장 - 건조,흐림,단일로 - 기타,화물,남,64세,상해없음,자전거,남,12세,경상
2020072800100518,2020년 7월 28일 21시,화요일,서울특별시 마포구 동교동,부상신고사고,0,0,0,1,차대차 - 기타,안전운전불이행,포장 - 건조,맑음,단일로 - 기타,승용,남,57세,상해없음,자전거,남,49세,부상신고
2020072900100221,2020년 7월 29일 12시,수요일,서울특별시 마포구 상암동,중상사고,0,1,0,0,차대차 - 기타,신호위반,포장 - 젖음/습기,비,교차로 - 교차로안,이륜,남,26세,상해없음,자전거,여,55세,중상
2020073000100344,2020년 7월 30일 16시,목요일,서울특별시 강서구 염창동,경상사고,0,0,1,0,차대차 - 기타,안전운전불이행,포장 - 건조,맑음,단일로 - 기타,승용,여,53세,상해없음,자전거,남,58세,경상
2020073000100346,2020년 7월 30일 16시,목요일,서울특별시 구로구 고척동,경상사고,0,0,1,0,차대차 - 측면충돌,안전운전불이행,포장 - 건조,맑음,단일로 - 기타,승용,남,31세,상해없음,자전거,여,58세,경상
2020073000100420,2020년 7월 30일 18시,목요일,서울특별시 광진구 능동,경상사고,0,0,1,0,차대차 - 기타,안전운전불이행,포장 - 건조,맑음,교차로 - 교차로안,자전거,여,53세,경상,자전거,남,14세,상해없음
2020073000100497,2020년 7월 30일 20시,목요일,서울특별시 마포구 상암동,부상신고사고,0,0,0,1,차대차 - 기타,안전운전불이행,포장 - 건조,맑음,단일로 - 기타,자전거,남,38세,부상신고,자전거,남,69세,상해없음
2020073000100501,2020년 7월 30일 20시,목요일,서울특별시 서초구 반포동,경상사고,0,0,1,0,차대차 - 측면충돌,안전운전불이행,포장 - 건조,맑음,단일로 - 기타,자전거,여,34세,상해없음,자전거,남,16세,경상
2020073000100502,2020년 7월 30일 20시,목요일,서울특별시 노원구 월계동,중상사고,0,1,1,0,차대차 - 정면충돌,안전운전불이행,포장 - 건조,흐림,단일로 - 기타,자전거,남,47세,경상,자전거,남,50세,중상
2020073000100540,2020년 7월 30일 21시,목요일,서울특별시 강동구 천호동,경상사고,0,0,1,0,차대차 - 기타,안전운전불이행,포장 - 건조,맑음,교차로 - 교차로부근,기타불명,기타불명,미분류,기타불명,자전거,남,68세,경상
2020073000100574,2020년 7월 30일 22시,목요일,서울특별시 노원구 공릉동,중상사고,0,1,0,0,차대차 - 측면충돌,안전운전불이행,포장 - 건조,흐림,교차로 - 교차로횡단보도내,승용,여,56세,상해없음,자전거,여,37세,중상
2020073100100073,2020년 7월 31일 07시,금요일,서울특별시 동작구 노량진동,경상사고,0,0,1,0,차대차 - 정면충돌,안전운전불이행,포장 - 건조,맑음,단일로 - 기타,자전거,남,65세,기타불명,자전거,남,51세,경상
2020073100100395,2020년 7월 31일 17시,금요일,서울특별시 동작구 대방동,경상사고,0,0,1,0,차대차 - 기타,신호위반,포장 - 건조,맑음,교차로 - 교차로횡단보도내,승용,남,67세,상해없음,자전거,남,10세,경상
2020073100100402,2020년 7월 31일 17시,금요일,서울특별시 은평구 불광동,경상사고,0,0,1,0,차대차 - 측면충돌,신호위반,포장 - 건조,흐림,교차로 - 교차로횡단보도내,이륜,남,39세,상해없음,자전거,남,64세,경상
2020073100100446,2020년 7월 31일 18시,금요일,서울특별시 노원구 월계동,경상사고,0,0,1,0,차대차 - 측면충돌,중앙선침범,포장 - 건조,맑음,단일로 - 기타,승용,남,23세,상해없음,자전거,남,51세,경상
2020073100100540,2020년 7월 31일 20시,금요일,서울특별시 동대문구 장안동,중상사고,0,1,1,0,차대차 - 추돌,기타,포장 - 건조,맑음,기타 - 기타,자전거,남,68세,중상,자전거,여,27세,경상
2020073100100548,2020년 7월 31일 20시,금요일,서울특별시 송파구 문정동,경상사고,0,0,1,0,차대차 - 측면충돌,안전운전불이행,포장 - 건조,맑음,교차로 - 교차로횡단보도내,승용,남,65세,상해없음,자전거,남,39세,경상
2020073100100608,2020년 7월 31일 22시,금요일,서울특별시 송파구 송파동,중상사고,0,1,0,0,차대차 - 측면충돌,안전운전불이행,포장 - 건조,맑음,교차로 - 교차로안,승용,남,65세,상해없음,자전거,남,51세,중상
2020080300100114,2020년 8월 3일 09시,월요일,서울특별시 종로구 종로3가,경상사고,0,0,1,0,차대차 - 기타,보행자보호의무위반,포장 - 젖음/습기,비,교차로 - 교차로횡단보도내,승합,남,56세,기타불명,자전거,남,48세,경상
2020080300100251,2020년 8월 3일 13시,월요일,서울특별시 도봉구 창동,경상사고,0,0,1,0,차대차 - 기타,안전운전불이행,포장 - 젖음/습기,비,단일로 - 기타,승용,여,26세,상해없음,자전거,남,73세,경상
2020080400100226,2020년 8월 4일 13시,화요일,서울특별시 은평구 불광동,경상사고,0,0,1,0,차대차 - 측면충돌,안전운전불이행,포장 - 건조,맑음,단일로 - 기타,승용,여,50세,상해없음,자전거,남,85세,경상
2020080500100349,2020년 8월 5일 17시,수요일,서울특별시 강남구 자곡동,중상사고,0,1,0,0,차대차 - 기타,기타,포장 - 건조,맑음,단일로 - 기타,화물,남,59세,상해없음,자전거,남,49세,중상
2020080500100467,2020년 8월 5일 20시,수요일,서울특별시 마포구 성산동,중상사고,0,1,0,0,차대차 - 측면충돌,신호위반,포장 - 젖음/습기,비,단일로 - 기타,특수,남,59세,상해없음,자전거,남,52세,중상
2020080700100063,2020년 8월 7일 06시,금요일,서울특별시 관악구 봉천동,경상사고,0,0,1,0,차대차 - 측면충돌,교차로운행방법위반,포장 - 건조,맑음,교차로 - 교차로안,승용,여,40세,상해없음,자전거,여,59세,경상
2020080700100384,2020년 8월 7일 17시,금요일,서울특별시 중랑구 면목동,경상사고,0,0,1,0,차대차 - 기타,신호위반,포장 - 건조,맑음,단일로 - 기타,승용,남,37세,상해없음,자전거,남,12세,경상
2020080700100514,2020년 8월 7일 20시,금요일,서울특별시 송파구 방이동,경상사고,0,0,1,0,차대차 - 측면충돌,안전운전불이행,포장 - 건조,맑음,단일로 - 기타,승용,남,42세,상해없음,자전거,남,35세,경상
2020080800100094,2020년 8월 8일 07시,토요일,서울특별시 성북구 하월곡동,중상사고,0,1,0,0,차대차 - 기타,안전운전불이행,포장 - 건조,맑음,단일로 - 기타,승용,남,65세,기타불명,자전거,남,49세,중상
2020080800100147,2020년 8월 8일 10시,토요일,서울특별시 중구 남창동,경상사고,0,0,1,0,차대차 - 기타,안전거리미확보,포장 - 건조,흐림,단일로 - 기타,승용,남,64세,상해없음,자전거,남,25세,경상
2020080800100398,2020년 8월 8일 18시,토요일,서울특별시 은평구 응암동,경상사고,0,0,1,0,차대차 - 후진중충돌,안전운전불이행,포장 - 기타,흐림,단일로 - 기타,승용,남,52세,상해없음,자전거,여,46세,경상
2020080800100428,2020년 8월 8일 19시,토요일,서울특별시 중구 신당동,경상사고,0,0,1,0,차대차 - 측면충돌,안전운전불이행,포장 - 젖음/습기,맑음,단일로 - 기타,승용,남,48세,상해없음,자전거,여,35세,경상
2020080800100509,2020년 8월 8일 21시,토요일,서울특별시 도봉구 창동,중상사고,0,1,0,0,차대차 - 측면충돌,신호위반,포장 - 젖음/습기,비,교차로 - 교차로안,이륜,남,21세,상해없음,자전거,남,59세,중상
2020080900100195,2020년 8월 9일 14시,일요일,서울특별시 송파구 삼전동,부상신고사고,0,0,0,1,차대차 - 측면충돌,신호위반,포장 - 건조,맑음,교차로 - 교차로안,원동기,남,47세,상해없음,자전거,남,75세,부상신고
2020081100100070,2020년 8월 11일 06시,화요일,서울특별시 강동구 길동,경상사고,0,0,1,0,차대차 - 기타,안전운전불이행,포장 - 젖음/습기,비,단일로 - 기타,이륜,남,51세,상해없음,자전거,남,51세,경상
2020081100100252,2020년 8월 11일 12시,화요일,서울특별시 강동구 길동,중상사고,0,1,0,0,차대차 - 측면충돌,신호위반,포장 - 젖음/습기,흐림,교차로 - 교차로안,승용,여,68세,기타불명,자전거,남,25세,중상
2020081200100052,2020년 8월 12일 06시,수요일,서울특별시 영등포구 영등포동5가,경상사고,0,0,1,0,차대차 - 기타,기타,포장 - 건조,맑음,단일로 - 기타,화물,남,47세,상해없음,자전거,남,28세,경상
2020081200100228,2020년 8월 12일 12시,수요일,서울특별시 송파구 오금동,중상사고,0,1,0,0,차대차 - 측면충돌,안전운전불이행,포장 - 건조,맑음,교차로 - 교차로안,승용,여,55세,상해없음,자전거,여,33세,중상
2020081200100547,2020년 8월 12일 21시,수요일,서울특별시 중랑구 면목동,중상사고,0,1,1,0,차대차 - 기타,안전운전불이행,포장 - 건조,맑음,단일로 - 기타,자전거,남,19세,상해없음,자전거,남,19세,중상
2020081200100549,2020년 8월 12일 21시,수요일,서울특별시 강서구 마곡동,경상사고,0,0,1,0,차대차 - 측면충돌,안전운전불이행,포장 - 건조,맑음,단일로 - 기타,승용,남,45세,상해없음,자전거,남,42세,경상
2020081300100124,2020년 8월 13일 10시,목요일,서울특별시 마포구 망원동,부상신고사고,0,0,0,1,차대차 - 기타,안전운전불이행,포장 - 건조,맑음,교차로 - 교차로안,승용,여,50세,상해없음,자전거,여,27세,부상신고
2020081300100213,2020년 8월 13일 12시,목요일,서울특별시 양천구 신정동,중상사고,0,1,0,0,차대차 - 기타,안전운전불이행,포장 - 건조,맑음,기타 - 기타,자전거,남,57세,상해없음,자전거,여,82세,중상
2020081400100057,2020년 8월 14일 05시,금요일,서울특별시 강동구 천호동,중상사고,0,1,0,0,차대차 - 추돌,안전운전불이행,포장 - 건조,흐림,교차로 - 교차로부근,승용,남,46세,상해없음,자전거,남,63세,중상
2020081400100133,2020년 8월 14일 09시,금요일,서울특별시 강서구 마곡동,경상사고,0,0,1,0,차대차 - 측면충돌,안전운전불이행,포장 - 건조,맑음,교차로 - 교차로부근,화물,남,30세,상해없음,자전거,여,23세,경상
2020081400100244,2020년 8월 14일 12시,금요일,서울특별시 강동구 성내동,중상사고,0,1,0,0,차대차 - 측면충돌,신호위반,포장 - 건조,맑음,교차로 - 교차로안,개인형이동수단(PM),여,44세,상해없음,자전거,여,61세,중상
2020081400100542,2020년 8월 14일 19시,금요일,서울특별시 동대문구 청량리동,중상사고,0,1,0,0,차대차 - 측면충돌,안전운전불이행,포장 - 건조,맑음,교차로 - 교차로횡단보도내,승용,여,35세,상해없음,자전거,남,62세,중상
2020081500100003,2020년 8월 15일 00시,토요일,서울특별시 영등포구 영등포동3가,중상사고,0,1,0,0,차대차 - 측면충돌,안전운전불이행,포장 - 건조,맑음,단일로 - 기타,승용,남,28세,상해없음,자전거,남,64세,중상
2020081500100153,2020년 8월 15일 10시,토요일,서울특별시 강남구 수서동,경상사고,0,0,1,0,차대차 - 기타,신호위반,포장 - 젖음/습기,흐림,교차로 - 교차로안,승용,남,60세,상해없음,자전거,여,65세,경상
2020081500100178,2020년 8월 15일 11시,토요일,서울특별시 구로구 개봉동,중상사고,0,1,0,0,차대차 - 측면충돌,안전운전불이행,포장 - 젖음/습기,비,단일로 - 기타,승용,여,33세,상해없음,자전거,남,83세,중상
2020081500100413,2020년 8월 15일 18시,토요일,서울특별시 도봉구 창동,경상사고,0,0,1,0,차대차 - 측면충돌,신호위반,포장 - 건조,맑음,교차로 - 교차로횡단보도내,승용,남,71세,상해없음,자전거,남,7세,경상
2020081600100075,2020년 8월 16일 06시,일요일,서울특별시 영등포구 대림동,경상사고,0,0,1,0,차대차 - 기타,안전운전불이행,포장 - 건조,맑음,단일로 - 기타,승용,여,50세,상해없음,자전거,여,49세,경상
2020081600100128,2020년 8월 16일 10시,일요일,서울특별시 영등포구 여의도동,경상사고,0,0,1,0,차대차 - 추돌,안전운전불이행,포장 - 건조,맑음,단일로 - 기타,기타불명,기타불명,미분류,기타불명,자전거,여,33세,경상
2020081600100146,2020년 8월 16일 11시,일요일,서울특별시 송파구 신천동,경상사고,0,0,1,0,차대차 - 측면충돌,안전운전불이행,포장 - 건조,맑음,단일로 - 기타,자전거,남,15세,상해없음,자전거,여,47세,경상
2020081600100147,2020년 8월 16일 11시,일요일,서울특별시 구로구 신도림동,경상사고,0,0,2,0,차대차 - 기타,기타,포장 - 건조,맑음,단일로 - 기타,승용,남,60세,경상,자전거,남,32세,경상
2020081600100243,2020년 8월 16일 14시,일요일,서울특별시 노원구 월계동,경상사고,0,0,1,0,차대차 - 기타,기타,포장 - 건조,맑음,단일로 - 기타,승용,남,66세,상해없음,자전거,남,68세,경상
2020081600100301,2020년 8월 16일 16시,일요일,서울특별시 성북구 보문동6가,경상사고,0,0,1,0,차대차 - 기타,안전운전불이행,포장 - 건조,맑음,단일로 - 기타,승용,남,64세,기타불명,자전거,남,24세,경상
2020081600100373,2020년 8월 16일 18시,일요일,서울특별시 영등포구 양평동,경상사고,0,0,1,0,차대차 - 추돌,안전거리미확보,포장 - 건조,맑음,기타 - 기타,자전거,여,62세,상해없음,자전거,남,72세,경상
2020081600100415,2020년 8월 16일 19시,일요일,서울특별시 강동구 고덕동,경상사고,0,0,1,0,차대차 - 정면충돌,신호위반,포장 - 건조,맑음,교차로 - 교차로안,이륜,남,24세,상해없음,자전거,남,17세,경상
2020081700100001,2020년 8월 17일 00시,월요일,서울특별시 은평구 녹번동,경상사고,0,0,1,0,차대차 - 측면충돌,안전운전불이행,포장 - 건조,맑음,단일로 - 기타,승용,남,69세,상해없음,자전거,남,58세,경상
2020081700100039,2020년 8월 17일 06시,월요일,서울특별시 송파구 방이동,부상신고사고,0,0,0,1,차대차 - 측면충돌,안전운전불이행,포장 - 건조,맑음,단일로 - 기타,자전거,남,61세,상해없음,자전거,여,76세,부상신고
2020081700100050,2020년 8월 17일 07시,월요일,서울특별시 양천구 신정동,경상사고,0,0,1,0,차대차 - 측면충돌,교차로운행방법위반,포장 - 건조,맑음,교차로 - 교차로안,화물,남,44세,상해없음,자전거,여,40세,경상
2020081700100069,2020년 8월 17일 08시,월요일,서울특별시 도봉구 도봉동,중상사고,0,1,0,0,차대차 - 기타,안전운전불이행,포장 - 건조,맑음,교차로 - 교차로안,승용,남,59세,상해없음,자전거,여,51세,중상
2020081700100331,2020년 8월 17일 16시,월요일,서울특별시 영등포구 당산동6가,부상신고사고,0,0,0,1,차대차 - 기타,안전운전불이행,포장 - 건조,맑음,단일로 - 기타,자전거,남,52세,부상신고,자전거,남,64세,상해없음
2020081700100497,2020년 8월 17일 20시,월요일,서울특별시 동대문구 장안동,중상사고,0,1,0,0,차대차 - 기타,안전운전불이행,포장 - 건조,맑음,단일로 - 기타,자전거,남,11세,상해없음,자전거,남,19세,중상
2020081700100546,2020년 8월 17일 22시,월요일,서울특별시 강남구 대치동,경상사고,0,0,1,0,차대차 - 추돌,안전운전불이행,포장 - 건조,맑음,교차로 - 교차로횡단보도내,승용,남,48세,상해없음,자전거,남,20세,경상
2020081800100045,2020년 8월 18일 06시,화요일,서울특별시 동대문구 장안동,경상사고,0,0,1,0,차대차 - 측면충돌,신호위반,포장 - 건조,맑음,교차로 - 교차로안,화물,남,60세,상해없음,자전거,여,49세,경상
2020081800100053,2020년 8월 18일 07시,화요일,서울특별시 성동구 성수동2가,중상사고,0,1,0,0,차대차 - 기타,교차로운행방법위반,포장 - 건조,맑음,교차로 - 교차로안,기타불명,기타불명,미분류,기타불명,자전거,남,76세,중상
2020081800100125,2020년 8월 18일 09시,화요일,서울특별시 노원구 중계동,경상사고,0,0,1,0,차대차 - 측면충돌,안전운전불이행,포장 - 건조,맑음,교차로 - 교차로안,화물,남,46세,상해없음,자전거,남,85세,경상
2020081800100272,2020년 8월 18일 13시,화요일,서울특별시 중랑구 상봉동,경상사고,0,0,1,0,차대차 - 측면충돌,안전운전불이행,포장 - 건조,맑음,단일로 - 기타,화물,남,42세,상해없음,자전거,남,53세,경상
2020081800100274,2020년 8월 18일 13시,화요일,서울특별시 양천구 신정동,경상사고,0,0,1,0,차대차 - 측면충돌,신호위반,포장 - 건조,맑음,교차로 - 교차로안,화물,남,68세,상해없음,자전거,남,78세,경상
2020081800100320,2020년 8월 18일 14시,화요일,서울특별시 중구 필동2가,중상사고,0,1,0,0,차대차 - 기타,안전운전불이행,포장 - 건조,맑음,단일로 - 기타,화물,남,63세,상해없음,자전거,남,51세,중상
2020081800100364,2020년 8월 18일 15시,화요일,서울특별시 강북구 수유동,경상사고,0,0,1,0,차대차 - 기타,안전운전불이행,포장 - 건조,맑음,교차로 - 교차로안,승용,남,40세,상해없음,자전거,남,9세,경상
2020081800100502,2020년 8월 18일 18시,화요일,서울특별시 영등포구 당산동2가,경상사고,0,0,1,1,차대차 - 기타,안전운전불이행,포장 - 건조,맑음,단일로 - 기타,개인형이동수단(PM),남,22세,부상신고,자전거,여,22세,경상
2020081900100152,2020년 8월 19일 10시,수요일,서울특별시 강서구 등촌동,중상사고,0,1,0,0,차대차 - 측면충돌,안전운전불이행,포장 - 건조,맑음,교차로 - 교차로부근,승용,남,46세,상해없음,자전거,남,65세,중상
2020081900100154,2020년 8월 19일 10시,수요일,서울특별시 송파구 송파동,중상사고,0,1,0,0,차대차 - 측면충돌,안전운전불이행,포장 - 건조,맑음,교차로 - 교차로안,화물,남,59세,상해없음,자전거,남,26세,중상
2020081900100157,2020년 8월 19일 10시,수요일,서울특별시 도봉구 창동,중상사고,0,1,0,0,차대차 - 측면충돌,안전운전불이행,포장 - 건조,맑음,단일로 - 기타,승용,여,53세,상해없음,자전거,여,62세,중상
2020081900100271,2020년 8월 19일 13시,수요일,서울특별시 노원구 상계동,경상사고,0,0,1,0,차대차 - 추돌,안전운전불이행,포장 - 건조,맑음,교차로 - 교차로부근,승용,남,70세,상해없음,자전거,남,37세,경상
2020081900100349,2020년 8월 19일 15시,수요일,서울특별시 강서구 공항동,중상사고,0,1,0,0,차대차 - 기타,안전운전불이행,포장 - 건조,맑음,단일로 - 기타,화물,남,48세,상해없음,자전거,남,84세,중상
2020082000100060,2020년 8월 20일 07시,목요일,서울특별시 영등포구 신길동,중상사고,0,1,0,0,차대차 - 기타,안전운전불이행,포장 - 건조,맑음,단일로 - 기타,승용,여,33세,상해없음,자전거,남,56세,중상
2020082000100090,2020년 8월 20일 08시,목요일,서울특별시 동대문구 청량리동,경상사고,0,0,1,0,차대차 - 측면충돌,안전운전불이행,포장 - 건조,맑음,단일로 - 기타,승용,남,50세,상해없음,자전거,남,49세,경상
2020082000100185,2020년 8월 20일 11시,목요일,서울특별시 강서구 공항동,사망사고,1,0,0,0,차대차 - 기타,신호위반,포장 - 건조,맑음,단일로 - 기타,승합,남,54세,상해없음,자전거,남,71세,사망
2020082000100222,2020년 8월 20일 12시,목요일,서울특별시 동작구 노량진동,경상사고,0,0,1,0,차대차 - 기타,교차로운행방법위반,포장 - 건조,맑음,교차로 - 교차로안,이륜,남,21세,상해없음,자전거,여,33세,경상
2020082000100386,2020년 8월 20일 16시,목요일,서울특별시 종로구 인의동,중상사고,0,1,0,0,차대차 - 측면충돌,신호위반,포장 - 건조,맑음,단일로 - 기타,승용,여,72세,상해없음,자전거,남,43세,중상
2020082000100424,2020년 8월 20일 17시,목요일,서울특별시 중랑구 상봉동,경상사고,0,0,1,0,차대차 - 측면충돌,안전운전불이행,포장 - 건조,맑음,단일로 - 기타,화물,남,70세,상해없음,자전거,남,51세,경상
2020082000100473,2020년 8월 20일 18시,목요일,서울특별시 강동구 천호동,경상사고,0,0,1,0,차대차 - 기타,안전운전불이행,포장 - 건조,맑음,단일로 - 기타,화물,남,41세,상해없음,자전거,남,30세,경상
2020082000100474,2020년 8월 20일 18시,목요일,서울특별시 서초구 방배동,경상사고,0,0,1,0,차대차 - 기타,기타,포장 - 건조,맑음,단일로 - 기타,승용,남,71세,상해없음,자전거,남,46세,경상
2020082000100580,2020년 8월 20일 21시,목요일,서울특별시 광진구 중곡동,중상사고,0,1,0,0,차대차 - 측면충돌,신호위반,포장 - 건조,맑음,교차로 - 교차로안,승용,남,27세,상해없음,자전거,남,56세,중상
2020082000100581,2020년 8월 20일 21시,목요일,서울특별시 마포구 합정동,경상사고,0,0,1,0,차대차 - 기타,신호위반,포장 - 건조,맑음,단일로 - 기타,승용,여,74세,상해없음,자전거,여,36세,경상
2020082100100002,2020년 8월 21일 00시,금요일,서울특별시 성북구 정릉동,중상사고,0,1,0,0,차대차 - 추돌,안전거리미확보,포장 - 건조,맑음,단일로 - 기타,이륜,남,30세,상해없음,자전거,남,48세,중상
2020082100100068,2020년 8월 21일 07시,금요일,서울특별시 구로구 신도림동,경상사고,0,0,1,0,차대차 - 측면충돌,안전거리미확보,포장 - 건조,맑음,단일로 - 기타,자전거,남,37세,상해없음,자전거,남,65세,경상
2020082100100120,2020년 8월 21일 09시,금요일,서울특별시 강남구 개포동,경상사고,0,0,1,0,차대차 - 기타,보행자보호의무위반,포장 - 건조,맑음,교차로 - 교차로횡단보도내,승용,여,47세,상해없음,자전거,남,7세,경상
2020082100100460,2020년 8월 21일 19시,금요일,서울특별시 중랑구 면목동,경상사고,0,0,2,0,차대차 - 기타,안전운전불이행,포장 - 건조,맑음,단일로 - 기타,자전거,남,26세,경상,자전거,여,26세,경상
2020082100100507,2020년 8월 21일 20시,금요일,서울특별시 중구 을지로2가,부상신고사고,0,0,0,1,차대차 - 기타,안전운전불이행,포장 - 건조,맑음,단일로 - 기타,기타불명,기타불명,미분류,기타불명,자전거,남,49세,부상신고
2020082100100511,2020년 8월 21일 20시,금요일,서울특별시 중랑구 중화동,중상사고,0,1,1,0,차대차 - 측면충돌,안전운전불이행,포장 - 건조,흐림,단일로 - 기타,이륜,남,49세,경상,자전거,남,27세,중상