사고번호,사고일시,요일,시군구,사고내용,사망자수,중상자수,경상자수,부상신고자수,사고유형,법규위반,노면상태,기상상태,도로형태,가해운전자 차종,가해운전자 성별,가해운전자 연령,가해운전자 상해정도,피해운전자 차종,피해운전자 성별,피해운전자 연령,피해운전자 상해정도
2020082200100212,2020년 8월 22일 12시,토요일,서울특별시 은평구 녹번동,중상사고,0,1,0,0,차대차 - 추돌,교차로운행방법위반,포장 - 젖음/습기,비,교차로 - 교차로안,화물,남,39세,상해없음,자전거,남,59세,중상
2020082200100249,2020년 8월 22일 13시,토요일,서울특별시 동대문구 전농동,중상사고,0,1,0,0,차대차 - 기타,신호위반,포장 - 젖음/습기,비,교차로 - 교차로안,이륜,남,29세,상해없음,자전거,여,55세,중상
2020082300100083,2020년 8월 23일 08시,일요일,서울특별시 영등포구 양화동,중상사고,0,1,0,0,차대차 - 측면충돌,안전운전불이행,포장 - 건조,맑음,단일로 - 기타,자전거,남,13세,상해없음,자전거,남,56세,중상
2020082300100147,2020년 8월 23일 12시,일요일,서울특별시 강서구 등촌동,경상사고,0,0,1,0,차대차 - 추돌,신호위반,포장 - 기타,맑음,단일로 - 기타,승용,남,71세,상해없음,자전거,여,29세,경상
2020082300100260,2020년 8월 23일 16시,일요일,서울특별시 송파구 방이동,중상사고,0,1,0,0,차대차 - 측면충돌,안전운전불이행,포장 - 건조,맑음,교차로 - 교차로횡단보도내,기타불명,기타불명,미분류,기타불명,자전거,남,62세,중상
2020082300100296,2020년 8월 23일 17시,일요일,서울특별시 서초구 잠원동,중상사고,0,1,0,0,차대차 - 기타,안전운전불이행,비포장 - 건조,맑음,기타 - 기타,자전거,남,55세,상해없음,자전거,여,45세,중상
2020082300100414,2020년 8월 23일 21시,일요일,서울특별시 성동구 행당동,경상사고,0,0,1,0,차대차 - 추돌,안전운전불이행,포장 - 건조,맑음,기타 - 기타,자전거,남,62세,상해없음,자전거,여,25세,경상
2020082300100434,2020년 8월 23일 22시,일요일,서울특별시 강동구 천호동,경상사고,0,0,1,0,차대차 - 측면충돌,안전운전불이행,포장 - 건조,맑음,교차로 - 교차로안,승용,남,30세,상해없음,자전거,여,23세,경상
2020082400100046,2020년 8월 24일 06시,월요일,서울특별시 구로구 고척동,경상사고,0,0,1,0,차대차 - 기타,안전운전불이행,포장 - 건조,맑음,교차로 - 교차로횡단보도내,기타불명,기타불명,미분류,기타불명,자전거,남,73세,경상
2020082400100291,2020년 8월 24일 14시,월요일,서울특별시 동대문구 회기동,중상사고,0,1,0,0,차대차 - 측면충돌,안전운전불이행,포장 - 건조,맑음,교차로 - 교차로횡단보도내,승용,남,22세,상해없음,자전거,남,14세,중상
2020082400100336,2020년 8월 24일 15시,월요일,서울특별시 서초구 방배동,경상사고,0,0,1,0,차대차 - 측면충돌,안전운전불이행,포장 - 건조,맑음,단일로 - 기타,승용,여,49세,기타불명,자전거,남,16세,경상
2020082400100389,2020년 8월 24일 16시,월요일,서울특별시 동작구 대방동,경상사고,0,0,1,0,차대차 - 기타,교차로운행방법위반,포장 - 건조,맑음,단일로 - 기타,승용,여,56세,상해없음,자전거,남,42세,경상
2020082400100428,2020년 8월 24일 17시,월요일,서울특별시 서대문구 북가좌동,중상사고,0,1,0,0,차대차 - 측면충돌,안전운전불이행,포장 - 건조,맑음,단일로 - 기타,승용,남,62세,상해없음,자전거,남,12세,중상
2020082400100431,2020년 8월 24일 17시,월요일,서울특별시 영등포구 대림동,경상사고,0,0,1,0,차대차 - 기타,신호위반,포장 - 건조,맑음,교차로 - 교차로안,자전거,남,69세,상해없음,자전거,남,15세,경상
2020082400100523,2020년 8월 24일 19시,월요일,서울특별시 광진구 자양동,중상사고,0,1,0,0,차대차 - 측면충돌,안전운전불이행,포장 - 건조,맑음,교차로 - 교차로안,승용,남,29세,상해없음,자전거,남,80세,중상
2020082400100603,2020년 8월 24일 21시,월요일,서울특별시 영등포구 당산동1가,경상사고,0,0,1,0,차대차 - 측면충돌,안전운전불이행,포장 - 건조,맑음,단일로 - 기타,승용,여,52세,상해없음,자전거,여,68세,경상
2020082500100067,2020년 8월 25일 07시,화요일,서울특별시 성북구 하월곡동,경상사고,0,0,1,0,차대차 - 추돌,안전거리미확보,포장 - 건조,맑음,교차로 - 교차로부근,승합,남,52세,상해없음,자전거,남,15세,경상
2020082500100284,2020년 8월 25일 13시,화요일,서울특별시 강서구 방화동,사망사고,1,0,0,0,차대차 - 측면충돌,신호위반,포장 - 건조,맑음,교차로 - 교차로안,승용,여,19세,상해없음,자전거,남,85세,사망
2020082500100315,2020년 8월 25일 14시,화요일,서울특별시 영등포구 신길동,경상사고,0,0,1,0,차대차 - 기타,안전운전불이행,포장 - 건조,맑음,단일로 - 기타,화물,남,58세,상해없음,자전거,남,60세,경상
2020082500100389,2020년 8월 25일 16시,화요일,서울특별시 강동구 둔촌동,경상사고,0,0,1,0,차대차 - 기타,안전운전불이행,포장 - 건조,맑음,단일로 - 기타,승용,남,57세,상해없음,자전거,남,75세,경상
2020082500100430,2020년 8월 25일 17시,화요일,서울특별시 서대문구 북가좌동,중상사고,0,1,0,0,차대차 - 측면충돌,안전운전불이행,포장 - 건조,맑음,단일로 - 기타,이륜,남,42세,상해없음,자전거,남,50세,중상
2020082500100476,2020년 8월 25일 18시,화요일,서울특별시 성동구 마장동,경상사고,0,0,2,0,차대차 - 기타,안전운전불이행,포장 - 건조,맑음,기타 - 기타,자전거,남,47세,경상,자전거,남,44세,경상
2020082500100518,2020년 8월 25일 19시,화요일,서울특별시 동대문구 청량리동,경상사고,0,0,1,0,차대차 - 측면충돌,안전운전불이행,포장 - 건조,맑음,교차로 - 교차로부근,승용,남,62세,상해없음,자전거,남,66세,경상
2020082500100626,2020년 8월 25일 22시,화요일,서울특별시 영등포구 양평동,경상사고,0,0,1,0,차대차 - 기타,안전운전불이행,포장 - 건조,맑음,단일로 - 기타,자전거,남,34세,상해없음,자전거,남,39세,경상
2020082500100629,2020년 8월 25일 22시,화요일,서울특별시 송파구 가락동,경상사고,0,0,1,0,차대차 - 기타,안전운전불이행,포장 - 건조,맑음,교차로 - 교차로안,승용,남,39세,상해없음,자전거,남,40세,경상
2020082600100324,2020년 8월 26일 16시,수요일,서울특별시 양천구 신정동,중상사고,0,1,1,0,차대차 - 정면충돌,안전운전불이행,포장 - 건조,맑음,단일로 - 기타,자전거,남,62세,경상,자전거,남,17세,중상
2020082700100292,2020년 8월 27일 15시,목요일,서울특별시 송파구 방이동,경상사고,0,0,1,0,차대차 - 측면충돌,안전운전불이행,포장 - 건조,맑음,단일로 - 기타,승용,여,40세,상해없음,자전거,여,35세,경상
2020082800100094,2020년 8월 28일 08시,금요일,서울특별시 성동구 하왕십리동,중상사고,0,1,0,0,차대차 - 기타,기타,포장 - 건조,맑음,단일로 - 기타,승용,남,59세,기타불명,자전거,남,67세,중상
2020082800100097,2020년 8월 28일 08시,금요일,서울특별시 양천구 신정동,중상사고,0,1,0,0,차대차 - 기타,신호위반,포장 - 건조,맑음,교차로 - 교차로안,승용,여,42세,상해없음,자전거,남,66세,중상
2020082800100608,2020년 8월 28일 22시,금요일,서울특별시 용산구 서빙고동,경상사고,0,0,2,0,차대차 - 기타,신호위반,포장 - 건조,맑음,단일로 - 기타,화물,남,18세,상해없음,자전거,남,42세,경상
2020082900100152,2020년 8월 29일 10시,토요일,서울특별시 은평구 불광동,경상사고,0,0,1,0,차대차 - 측면충돌,신호위반,포장 - 젖음/습기,비,교차로 - 교차로횡단보도내,승용,남,68세,상해없음,자전거,여,61세,경상
2020082900100252,2020년 8월 29일 13시,토요일,서울특별시 강서구 개화동,중상사고,0,1,0,0,차대차 - 정면충돌,안전운전불이행,포장 - 젖음/습기,비,단일로 - 기타,자전거,남,59세,상해없음,자전거,남,71세,중상
2020082900100254,2020년 8월 29일 13시,토요일,서울특별시 송파구 석촌동,경상사고,0,0,1,0,차대차 - 측면충돌,안전운전불이행,포장 - 건조,맑음,단일로 - 기타,승용,남,35세,상해없음,자전거,남,31세,경상
2020083000100140,2020년 8월 30일 12시,일요일,서울특별시 강남구 일원동,중상사고,0,1,0,0,차대차 - 기타,안전운전불이행,포장 - 건조,맑음,기타 - 기타,자전거,남,63세,상해없음,자전거,남,61세,중상
2020083000100190,2020년 8월 30일 14시,일요일,서울특별시 강서구 염창동,경상사고,0,0,2,0,차대차 - 측면충돌,안전운전불이행,포장 - 건조,맑음,교차로 - 교차로부근,자전거,남,10세,경상,자전거,남,56세,경상
2020083000100305,2020년 8월 30일 18시,일요일,서울특별시 동작구 본동,부상신고사고,0,0,0,1,차대차 - 측면충돌,안전운전불이행,포장 - 건조,맑음,기타 - 기타,자전거,남,44세,상해없음,자전거,남,64세,부상신고
2020083000100306,2020년 8월 30일 18시,일요일,서울특별시 중랑구 중화동,중상사고,0,1,0,0,차대차 - 추돌,직진우회전진행방해,포장 - 젖음/습기,비,교차로 - 교차로안,이륜,남,53세,상해없음,자전거,남,54세,중상
2020083000100334,2020년 8월 30일 19시,일요일,서울특별시 영등포구 여의도동,중상사고,0,1,1,0,차대차 - 측면충돌,안전운전불이행,포장 - 건조,맑음,단일로 - 기타,자전거,여,28세,상해없음,자전거,남,28세,경상
2020083000100335,2020년 8월 30일 19시,일요일,서울특별시 영등포구 당산동,중상사고,0,1,1,0,차대차 - 측면충돌,안전운전불이행,포장 - 건조,맑음,기타 - 기타,자전거,남,37세,중상,자전거,남,17세,경상
2020083000100427,2020년 8월 30일 23시,일요일,서울특별시 송파구 거여동,경상사고,0,0,1,0,차대차 - 측면충돌,안전운전불이행,포장 - 건조,흐림,단일로 - 기타,화물,남,56세,상해없음,자전거,남,56세,경상
2020083100100048,2020년 8월 31일 07시,월요일,서울특별시 동대문구 제기동,중상사고,0,1,0,0,차대차 - 기타,안전운전불이행,포장 - 기타,흐림,기타 - 기타,자전거,남,46세,상해없음,자전거,여,77세,중상
2020083100100226,2020년 8월 31일 13시,월요일,서울특별시 강동구 암사동,중상사고,0,1,0,0,차대차 - 기타,기타,포장 - 건조,맑음,단일로 - 기타,승용,남,54세,상해없음,자전거,여,70세,중상
2020083100100294,2020년 8월 31일 15시,월요일,서울특별시 강동구 강일동,경상사고,0,0,1,0,차대차 - 기타,안전운전불이행,포장 - 건조,맑음,기타 - 기타,자전거,남,39세,상해없음,자전거,남,30세,경상
2020083100100331,2020년 8월 31일 16시,월요일,서울특별시 영등포구 여의도동,중상사고,0,1,0,0,차대차 - 기타,안전운전불이행,포장 - 건조,맑음,교차로 - 교차로부근,자전거,여,23세,상해없음,자전거,여,54세,중상
2020083100100499,2020년 8월 31일 20시,월요일,서울특별시 성동구 응봉동,부상신고사고,0,0,0,1,차대차 - 측면충돌,안전운전불이행,포장 - 건조,맑음,단일로 - 기타,자전거,여,57세,부상신고,자전거,남,27세,상해없음
2020090100100159,2020년 9월 1일 11시,화요일,서울특별시 영등포구 당산동1가,중상사고,0,1,0,0,차대차 - 측면충돌,안전운전불이행,포장 - 건조,맑음,교차로 - 교차로안,승용,남,74세,상해없음,자전거,남,61세,중상
2020090100100275,2020년 9월 1일 15시,화요일,서울특별시 송파구 풍납동,경상사고,0,0,1,0,차대차 - 기타,안전운전불이행,포장 - 건조,맑음,교차로 - 교차로부근,화물,남,53세,상해없음,자전거,여,10세,경상
2020090100100317,2020년 9월 1일 16시,화요일,서울특별시 노원구 상계동,중상사고,0,1,0,0,차대차 - 측면충돌,안전거리미확보,포장 - 건조,맑음,단일로 - 기타,자전거,남,68세,중상,자전거,남,28세,상해없음
2020090100100345,2020년 9월 1일 17시,화요일,서울특별시 영등포구 양화동,중상사고,0,1,1,0,차대차 - 정면충돌,안전운전불이행,포장 - 건조,맑음,단일로 - 기타,자전거,여,51세,중상,자전거,남,18세,경상
2020090100100348,2020년 9월 1일 17시,화요일,서울특별시 강동구 명일동,경상사고,0,0,1,0,차대차 - 추돌,교차로운행방법위반,포장 - 건조,맑음,단일로 - 기타,승용,여,41세,상해없음,자전거,남,42세,경상
2020090100100526,2020년 9월 1일 22시,화요일,서울특별시 노원구 상계동,경상사고,0,0,1,0,차대차 - 측면충돌,안전운전불이행,포장 - 건조,맑음,교차로 - 교차로부근,승용,남,67세,상해없음,자전거,남,43세,경상
2020090200100149,2020년 9월 2일 11시,수요일,서울특별시 노원구 상계동,경상사고,0,0,1,0,차대차 - 측면충돌,신호위반,포장 - 젖음/습기,비,단일로 - 기타,승용,남,57세,상해없음,자전거,남,18세,경상
2020090300100234,2020년 9월 3일 14시,목요일,서울특별시 양천구 목동,중상사고,0,1,0,0,차대차 - 기타,안전운전불이행,포장 - 건조,맑음,교차로 - 교차로안,승용,여,39세,상해없음,자전거,여,57세,중상
2020090300100235,2020년 9월 3일 14시,목요일,서울특별시 노원구 상계동,경상사고,0,0,1,0,차대차 - 측면충돌,안전운전불이행,포장 - 건조,맑음,단일로 - 기타,승용,남,82세,상해없음,자전거,남,24세,경상
2020090300100275,2020년 9월 3일 15시,목요일,서울특별시 강남구 대치동,경상사고,0,0,1,0,차대차 - 추돌,안전운전불이행,포장 - 건조,맑음,교차로 - 교차로안,자전거,여,48세,상해없음,자전거,남,52세,경상
2020090300100473,2020년 9월 3일 21시,목요일,서울특별시 중랑구 묵동,중상사고,0,2,0,0,차대차 - 기타,안전운전불이행,포장 - 건조,맑음,단일로 - 기타,자전거,남,60세,중상,자전거,남,59세,중상
2020090300100476,2020년 9월 3일 21시,목요일,서울특별시 강남구 청담동,경상사고,0,0,1,0,차대차 - 기타,안전운전불이행,포장 - 건조,맑음,기타 - 기타,자전거,남,31세,상해없음,자전거,남,18세,경상
2020090400100111,2020년 9월 4일 09시,금요일,서울특별시 관악구 봉천동,경상사고,0,0,1,0,차대차 - 측면충돌,교차로운행방법위반,포장 - 건조,맑음,교차로 - 교차로안,승용,남,55세,상해없음,자전거,남,30세,경상
2020090400100275,2020년 9월 4일 14시,금요일,서울특별시 중랑구 면목동,경상사고,0,0,1,0,차대차 - 기타,교차로운행방법위반,포장 - 건조,맑음,교차로 - 교차로안,승용,남,66세,상해없음,자전거,남,32세,경상
2020090400100349,2020년 9월 4일 16시,금요일,서울특별시 영등포구 양평동6가,부상신고사고,0,0,0,1,차대차 - 기타,안전운전불이행,포장 - 건조,맑음,단일로 - 기타,자전거,남,52세,부상신고,자전거,여,25세,상해없음
2020090500100037,2020년 9월 5일 04시,토요일,서울특별시 금천구 독산동,경상사고,0,0,1,0,차대차 - 기타,신호위반,포장 - 건조,맑음,교차로 - 교차로안,이륜,남,31세,경상,자전거,남,66세,상해없음
2020090500100071,2020년 9월 5일 08시,토요일,서울특별시 동대문구 휘경동,경상사고,0,0,1,0,차대차 - 기타,안전운전불이행,포장 - 건조,맑음,단일로 - 기타,화물,남,70세,상해없음,자전거,여,15세,경상
2020090500100111,2020년 9월 5일 10시,토요일,서울특별시 성동구 성수동1가,중상사고,0,1,0,0,차대차 - 기타,안전운전불이행,포장 - 건조,맑음,단일로 - 기타,자전거,남,34세,상해없음,자전거,남,49세,중상
2020090500100199,2020년 9월 5일 13시,토요일,서울특별시 성동구 송정동,중상사고,0,1,0,0,차대차 - 기타,안전운전불이행,포장 - 건조,맑음,단일로 - 기타,자전거,기타불명,미분류,기타불명,자전거,여,50세,중상
2020090500100205,2020년 9월 5일 13시,토요일,서울특별시 송파구 신천동,경상사고,0,0,1,0,차대차 - 측면충돌,안전운전불이행,포장 - 건조,맑음,단일로 - 기타,자전거,남,67세,상해없음,자전거,남,29세,경상
2020090500100244,2020년 9월 5일 14시,토요일,서울특별시 영등포구 문래동6가,경상사고,0,0,2,0,차대차 - 측면충돌,안전운전불이행,포장 - 건조,맑음,단일로 - 기타,자전거,여,47세,경상,자전거,남,61세,경상
2020090500100245,2020년 9월 5일 14시,토요일,서울특별시 영등포구 양평동,부상신고사고,0,0,0,1,차대차 - 추돌,안전운전불이행,포장 - 건조,맑음,단일로 - 기타,자전거,남,60세,부상신고,자전거,여,55세,상해없음
2020090500100246,2020년 9월 5일 14시,토요일,서울특별시 동작구 본동,경상사고,0,0,1,0,차대차 - 기타,안전운전불이행,포장 - 건조,맑음,단일로 - 기타,자전거,남,44세,상해없음,자전거,남,59세,경상
2020090500100358,2020년 9월 5일 17시,토요일,서울특별시 광진구 자양동,경상사고,0,0,1,0,차대차 - 측면충돌,안전운전불이행,포장 - 건조,맑음,단일로 - 기타,자전거,남,69세,상해없음,자전거,남,25세,경상
2020090500100395,2020년 9월 5일 18시,토요일,서울특별시 강동구 암사동,경상사고,0,0,1,0,차대차 - 측면충돌,안전운전불이행,포장 - 건조,맑음,단일로 - 기타,자전거,남,63세,상해없음,자전거,남,65세,경상
2020090500100426,2020년 9월 5일 19시,토요일,서울특별시 송파구 방이동,경상사고,0,0,1,0,차대차 - 측면충돌,안전운전불이행,포장 - 건조,맑음,단일로 - 기타,원동기,여,22세,경상,자전거,남,50세,상해없음
2020090500100471,2020년 9월 5일 20시,토요일,서울특별시 도봉구 쌍문동,부상신고사고,0,0,0,1,차대차 - 기타,안전운전불이행,포장 - 젖음/습기,비,교차로 - 교차로안,기타불명,기타불명,미분류,기타불명,자전거,여,55세,부상신고
2020090500100500,2020년 9월 5일 21시,토요일,서울특별시 영등포구 당산동,중상사고,0,1,0,0,차대차 - 측면충돌,안전운전불이행,포장 - 건조,맑음,단일로 - 기타,자전거,여,28세,상해없음,자전거,남,63세,중상
2020090500100536,2020년 9월 5일 22시,토요일,서울특별시 강남구 수서동,부상신고사고,0,0,0,2,차대차 - 추돌,안전운전불이행,포장 - 건조,맑음,단일로 - 기타,자전거,여,47세,부상신고,자전거,남,16세,부상신고
2020090600100047,2020년 9월 6일 05시,일요일,서울특별시 광진구 자양동,경상사고,0,0,1,0,차대차 - 측면충돌,신호위반,포장 - 건조,맑음,교차로 - 교차로안,승용,남,70세,상해없음,자전거,남,53세,경상
2020090600100086,2020년 9월 6일 10시,일요일,서울특별시 광진구 자양동,경상사고,0,0,1,0,차대차 - 측면충돌,안전운전불이행,포장 - 건조,맑음,교차로 - 교차로부근,승용,여,55세,상해없음,자전거,여,53세,경상
2020090600100136,2020년 9월 6일 13시,일요일,서울특별시 성북구 보문동5가,경상사고,0,0,1,0,차대차 - 기타,안전운전불이행,포장 - 건조,맑음,단일로 - 기타,승용,남,29세,상해없음,자전거,남,40세,경상
2020090600100191,2020년 9월 6일 15시,일요일,서울특별시 중랑구 면목동,부상신고사고,0,0,0,1,차대차 - 추돌,안전거리미확보,포장 - 건조,맑음,단일로 - 기타,자전거,남,46세,부상신고,자전거,남,81세,상해없음
2020090700100036,2020년 9월 7일 05시,월요일,서울특별시 노원구 상계동,중상사고,0,1,0,0,차대차 - 측면충돌,안전운전불이행,포장 - 젖음/습기,흐림,교차로 - 교차로횡단보도내,승용,남,52세,상해없음,자전거,남,69세,중상
2020090700100397,2020년 9월 7일 18시,월요일,서울특별시 영등포구 신길동,경상사고,0,0,1,0,차대차 - 측면충돌,안전운전불이행,포장 - 젖음/습기,비,교차로 - 교차로안,승용,여,56세,상해없음,자전거,남,32세,경상
2020090800100050,2020년 9월 8일 07시,화요일,서울특별시 영등포구 영등포동2가,경상사고,0,0,1,0,차대차 - 기타,안전운전불이행,포장 - 건조,맑음,단일로 - 기타,승합,남,50세,상해없음,자전거,남,66세,경상
2020090800100089,2020년 9월 8일 08시,화요일,서울특별시 강동구 천호동,경상사고,0,0,1,0,차대차 - 기타,안전운전불이행,포장 - 건조,맑음,단일로 - 기타,자전거,남,83세,경상,자전거,남,52세,상해없음
2020090800100291,2020년 9월 8일 14시,화요일,서울특별시 노원구 상계동,중상사고,0,1,0,0,차대차 - 측면충돌,안전거리미확보,포장 - 건조,맑음,교차로 - 교차로횡단보도내,기타불명,기타불명,미분류,기타불명,자전거,남,24세,중상
2020090800100371,2020년 9월 8일 16시,화요일,서울특별시 도봉구 창동,중상사고,0,1,0,0,차대차 - 측면충돌,불법유턴,포장 - 건조,맑음,단일로 - 기타,승용,남,58세,상해없음,자전거,남,86세,중상
2020090800100502,2020년 9월 8일 19시,화요일,서울특별시 강서구 염창동,경상사고,0,0,1,0,차대차 - 기타,안전운전불이행,포장 - 건조,맑음,기타 - 기타,자전거,여,17세,상해없음,자전거,남,38세,경상
2020090800100573,2020년 9월 8일 21시,화요일,서울특별시 동대문구 용두동,중상사고,0,1,0,0,차대차 - 기타,안전운전불이행,포장 - 건조,맑음,단일로 - 기타,자전거,남,58세,중상,자전거,여,36세,상해없음
2020090800100574,2020년 9월 8일 21시,화요일,서울특별시 성동구 금호동4가,중상사고,0,1,1,1,차대차 - 기타,안전운전불이행,포장 - 건조,맑음,단일로 - 기타,자전거,여,39세,부상신고,자전거,여,20세,경상
2020090800100598,2020년 9월 8일 22시,화요일,서울특별시 강서구 가양동,중상사고,0,1,2,0,차대차 - 측면충돌,안전운전불이행,포장 - 건조,맑음,단일로 - 기타,자전거,남,52세,경상,자전거,남,48세,경상
2020090900100002,2020년 9월 9일 00시,수요일,서울특별시 동작구 대방동,경상사고,0,0,1,0,차대차 - 기타,신호위반,포장 - 건조,맑음,교차로 - 교차로횡단보도내,이륜,남,57세,상해없음,자전거,남,54세,경상
2020090900100003,2020년 9월 9일 00시,수요일,서울특별시 중랑구 중화동,경상사고,0,0,1,0,차대차 - 기타,교차로운행방법위반,포장 - 건조,흐림,교차로 - 교차로횡단보도내,기타불명,기타불명,미분류,기타불명,자전거,여,59세,경상
2020090900100390,2020년 9월 9일 18시,수요일,서울특별시 강서구 화곡동,중상사고,0,1,0,0,차대차 - 측면충돌,안전운전불이행,포장 - 건조,맑음,교차로 - 교차로안,승용,남,47세,상해없음,자전거,여,25세,중상
2020090900100489,2020년 9월 9일 21시,수요일,서울특별시 중랑구 중화동,경상사고,0,0,1,0,차대차 - 측면충돌,신호위반,포장 - 건조,맑음,단일로 - 기타,이륜,남,19세,상해없음,자전거,남,52세,경상
2020091000100111,2020년 9월 10일 10시,목요일,서울특별시 금천구 독산동,경상사고,0,0,1,0,차대차 - 측면충돌,안전운전불이행,포장 - 건조,맑음,교차로 - 교차로안,승용,남,29세,상해없음,자전거,여,79세,경상
2020091000100349,2020년 9월 10일 17시,목요일,서울특별시 동대문구 휘경동,중상사고,0,1,0,0,차대차 - 측면충돌,안전운전불이행,포장 - 건조,맑음,단일로 - 기타,승용,남,63세,상해없음,자전거,여,20세,중상
2020091000100351,2020년 9월 10일 17시,목요일,서울특별시 영등포구 문래동6가,중상사고,0,1,0,0,차대차 - 측면충돌,안전운전불이행,포장 - 건조,맑음,단일로 - 기타,자전거,남,50세,중상,자전거,남,19세,상해없음
2020091000100409,2020년 9월 10일 18시,목요일,서울특별시 성동구 송정동,경상사고,0,0,1,0,차대차 - 정면충돌,안전운전불이행,포장 - 건조,맑음,단일로 - 기타,자전거,여,23세,경상,자전거,남,44세,상해없음
2020091100100086,2020년 9월 11일 08시,금요일,서울특별시 강동구 암사동,중상사고,0,1,0,0,차대차 - 측면충돌,안전운전불이행,포장 - 건조,맑음,단일로 - 기타,건설기계,남,55세,상해없음,자전거,여,66세,중상
2020091100100117,2020년 9월 11일 09시,금요일,서울특별시 양천구 목동,경상사고,0,0,2,0,차대차 - 기타,안전운전불이행,포장 - 건조,맑음,교차로 - 교차로안,자전거,여,44세,경상,자전거,여,25세,경상
2020091100100140,2020년 9월 11일 10시,금요일,서울특별시 강남구 수서동,경상사고,0,0,1,0,차대차 - 기타,안전운전불이행,포장 - 건조,맑음,단일로 - 기타,자전거,여,59세,상해없음,자전거,남,63세,경상
2020091100100224,2020년 9월 11일 13시,금요일,서울특별시 양천구 목동,경상사고,0,0,1,0,차대차 - 기타,안전운전불이행,포장 - 건조,맑음,기타 - 기타,자전거,여,61세,상해없음,자전거,여,39세,상해없음
2020091100100251,2020년 9월 11일 14시,금요일,서울특별시 동대문구 청량리동,경상사고,0,0,1,0,차대차 - 기타,신호위반,포장 - 건조,맑음,단일로 - 기타,승용,남,22세,상해없음,자전거,남,53세,경상
2020091100100535,2020년 9월 11일 20시,금요일,서울특별시 강남구 대치동,중상사고,0,1,1,0,차대차 - 기타,안전운전불이행,포장 - 젖음/습기,비,교차로 - 교차로횡단보도내,개인형이동수단(PM),남,15세,경상,자전거,여,48세,중상
2020091100100581,2020년 9월 11일 21시,금요일,서울특별시 양천구 신정동,경상사고,0,0,2,0,차대차 - 기타,신호위반,포장 - 건조,맑음,교차로 - 교차로안,자전거,남,16세,경상,자전거,남,17세,경상
2020091100100669,2020년 9월 11일 23시,금요일,서울특별시 서초구 반포동,경상사고,0,0,1,0,차대차 - 기타,신호위반,포장 - 기타,비,교차로 - 교차로부근,승용,남,49세,상해없음,자전거,남,39세,경상
2020091200100422,2020년 9월 12일 17시,토요일,서울특별시 강서구 가양동,경상사고,0,0,1,0,차대차 - 측면충돌,안전운전불이행,포장 - 건조,흐림,단일로 - 기타,자전거,남,65세,상해없음,자전거,여,60세,경상
2020091200100488,2020년 9월 12일 19시,토요일,서울특별시 강동구 성내동,경상사고,0,0,1,0,차대차 - 기타,안전운전불이행,포장 - 건조,맑음,단일로 - 기타,기타불명,기타불명,미분류,기타불명,자전거,남,57세,경상
2020091300100095,2020년 9월 13일 10시,일요일,서울특별시 성동구 옥수동,중상사고,0,1,0,0,차대차 - 측면충돌,안전운전불이행,포장 - 건조,맑음,단일로 - 기타,자전거,남,47세,상해없음,자전거,남,10세,중상
2020091300100097,2020년 9월 13일 10시,일요일,서울특별시 구로구 개봉동,중상사고,0,1,0,0,차대차 - 측면충돌,안전운전불이행,포장 - 건조,맑음,단일로 - 기타,승용,남,52세,상해없음,자전거,남,66세,중상
2020091300100117,2020년 9월 13일 11시,일요일,서울특별시 동대문구 이문동,경상사고,0,0,1,0,차대차 - 추돌,안전운전불이행,포장 - 건조,맑음,기타 - 기타,승용,여,62세,상해없음,자전거,남,11세,경상
2020091300100155,2020년 9월 13일 12시,일요일,서울특별시 강남구 압구정동,경상사고,0,0,1,0,차대차 - 추돌,안전운전불이행,포장 - 건조,맑음,기타 - 기타,자전거,남,49세,경상,자전거,남,11세,상해없음
2020091300100156,2020년 9월 13일 12시,일요일,서울특별시 강서구 가양동,부상신고사고,0,0,0,1,차대차 - 기타,안전운전불이행,포장 - 건조,맑음,기타 - 기타,기타불명,기타불명,미분류,기타불명,자전거,여,59세,부상신고
2020091300100157,2020년 9월 13일 12시,일요일,서울특별시 강서구 가양동,부상신고사고,0,0,0,1,차대차 - 기타,안전운전불이행,포장 - 건조,맑음,단일로 - 기타,기타불명,기타불명,미분류,기타불명,자전거,남,84세,부상신고
2020091300100159,2020년 9월 13일 12시,일요일,서울특별시 노원구 하계동,경상사고,0,0,1,0,차대차 - 정면충돌,안전거리미확보,포장 - 건조,맑음,단일로 - 기타,자전거,여,61세,경상,자전거,남,12세,상해없음
2020091300100188,2020년 9월 13일 13시,일요일,서울특별시 영등포구 대림동,중상사고,0,1,1,0,차대차 - 추돌,안전운전불이행,포장 - 건조,맑음,단일로 - 기타,자전거,남,58세,중상,자전거,여,54세,경상
2020091300100258,2020년 9월 13일 15시,일요일,서울특별시 강남구 압구정동,경상사고,0,0,1,0,차대차 - 측면충돌,안전운전불이행,포장 - 기타,맑음,기타 - 기타,자전거,남,77세,상해없음,자전거,여,55세,경상
2020091300100293,2020년 9월 13일 16시,일요일,서울특별시 강동구 천호동,경상사고,0,0,1,0,차대차 - 기타,안전운전불이행,포장 - 건조,맑음,단일로 - 기타,자전거,남,57세,상해없음,자전거,여,62세,경상
2020091300100364,2020년 9월 13일 18시,일요일,서울특별시 금천구 독산동,중상사고,0,1,0,0,차대차 - 측면충돌,신호위반,포장 - 건조,맑음,교차로 - 교차로안,이륜,남,37세,상해없음,자전거,남,22세,중상