사고번호,사고일시,요일,시군구,사고내용,사망자수,중상자수,경상자수,부상신고자수,사고유형,법규위반,노면상태,기상상태,도로형태,가해운전자 차종,가해운전자 성별,가해운전자 연령,가해운전자 상해정도,피해운전자 차종,피해운전자 성별,피해운전자 연령,피해운전자 상해정도
2020111900100525,2020년 11월 19일 18시,목요일,서울특별시 강남구 개포동,경상사고,0,0,1,0,차대차 - 기타,교차로운행방법위반,포장 - 건조,맑음,교차로 - 교차로안,승용,여,39세,상해없음,자전거,여,50세,경상
2020112000100165,2020년 11월 20일 10시,금요일,서울특별시 강남구 삼성동,경상사고,0,0,1,0,차대차 - 기타,안전운전불이행,포장 - 건조,맑음,단일로 - 기타,자전거,남,65세,경상,자전거,남,44세,상해없음
2020112000100334,2020년 11월 20일 15시,금요일,서울특별시 양천구 신월동,경상사고,0,0,1,0,차대차 - 기타,안전운전불이행,포장 - 건조,맑음,교차로 - 교차로부근,화물,남,70세,상해없음,자전거,남,75세,경상
2020112100100171,2020년 11월 21일 11시,토요일,서울특별시 강동구 명일동,중상사고,0,1,0,0,차대차 - 측면충돌,안전운전불이행,포장 - 건조,맑음,교차로 - 교차로횡단보도내,승용,남,63세,상해없음,자전거,남,11세,중상
2020112100100391,2020년 11월 21일 17시,토요일,서울특별시 강북구 미아동,경상사고,0,0,1,0,차대차 - 기타,안전운전불이행,포장 - 건조,맑음,기타 - 기타,승용,남,26세,상해없음,자전거,남,65세,경상
2020112100100513,2020년 11월 21일 20시,토요일,서울특별시 동대문구 장안동,경상사고,0,0,1,0,차대차 - 기타,기타,포장 - 건조,맑음,단일로 - 기타,승용,남,47세,상해없음,자전거,남,19세,경상
2020112100100563,2020년 11월 21일 22시,토요일,서울특별시 마포구 망원동,중상사고,0,1,0,0,차대차 - 기타,안전거리미확보,포장 - 건조,맑음,단일로 - 기타,이륜,남,21세,상해없음,자전거,남,13세,중상
2020112200100016,2020년 11월 22일 01시,일요일,서울특별시 강북구 미아동,경상사고,0,0,1,0,차대차 - 측면충돌,신호위반,포장 - 젖음/습기,비,단일로 - 기타,기타불명,기타불명,미분류,기타불명,자전거,남,67세,경상
2020112200100167,2020년 11월 22일 13시,일요일,서울특별시 노원구 상계동,부상신고사고,0,0,0,1,차대차 - 측면충돌,안전운전불이행,포장 - 건조,맑음,교차로 - 교차로안,기타불명,기타불명,미분류,기타불명,자전거,여,41세,부상신고
2020112200100191,2020년 11월 22일 14시,일요일,서울특별시 은평구 녹번동,경상사고,0,0,1,0,차대차 - 측면충돌,안전운전불이행,포장 - 건조,맑음,교차로 - 교차로안,원동기,남,46세,상해없음,자전거,남,57세,경상
2020112200100223,2020년 11월 22일 15시,일요일,서울특별시 노원구 중계동,경상사고,0,0,1,0,차대차 - 측면충돌,신호위반,포장 - 건조,맑음,교차로 - 교차로안,이륜,남,43세,상해없음,자전거,남,16세,경상
2020112200100245,2020년 11월 22일 16시,일요일,서울특별시 중랑구 중화동,경상사고,0,0,1,0,차대차 - 기타,신호위반,포장 - 건조,맑음,단일로 - 기타,승용,남,62세,상해없음,자전거,남,11세,경상
2020112200100267,2020년 11월 22일 17시,일요일,서울특별시 은평구 응암동,경상사고,0,0,1,0,차대차 - 측면충돌,기타,포장 - 건조,맑음,단일로 - 기타,승용,남,59세,상해없음,자전거,남,57세,경상
2020112300100054,2020년 11월 23일 07시,월요일,서울특별시 양천구 목동,중상사고,0,1,0,0,차대차 - 기타,기타,포장 - 건조,맑음,단일로 - 기타,승용,남,62세,상해없음,자전거,남,32세,중상
2020112300100128,2020년 11월 23일 09시,월요일,서울특별시 은평구 증산동,경상사고,0,0,1,0,차대차 - 측면충돌,안전운전불이행,포장 - 건조,맑음,단일로 - 기타,자전거,남,82세,상해없음,자전거,남,81세,경상
2020112300100377,2020년 11월 23일 16시,월요일,서울특별시 구로구 구로동,중상사고,0,1,0,0,차대차 - 후진중충돌,안전운전불이행,포장 - 건조,맑음,기타 - 기타,승용,여,57세,상해없음,자전거,여,36세,중상
2020112400100116,2020년 11월 24일 09시,화요일,서울특별시 강북구 수유동,중상사고,0,1,0,0,차대차 - 측면충돌,안전운전불이행,포장 - 건조,맑음,교차로 - 교차로안,승용,남,61세,상해없음,자전거,여,59세,중상
2020112400100172,2020년 11월 24일 11시,화요일,서울특별시 광진구 중곡동,경상사고,0,0,1,0,차대차 - 측면충돌,안전운전불이행,포장 - 건조,맑음,단일로 - 기타,승합,남,63세,상해없음,자전거,여,64세,경상
2020112400100203,2020년 11월 24일 12시,화요일,서울특별시 성동구 사근동,중상사고,0,1,0,0,차대차 - 측면충돌,안전운전불이행,포장 - 건조,맑음,단일로 - 기타,개인형이동수단(PM),남,24세,상해없음,자전거,남,67세,중상
2020112400100233,2020년 11월 24일 13시,화요일,서울특별시 구로구 궁동,경상사고,0,0,1,0,차대차 - 추돌,안전운전불이행,포장 - 건조,흐림,단일로 - 기타,화물,남,66세,상해없음,자전거,남,79세,경상
2020112400100235,2020년 11월 24일 13시,화요일,서울특별시 노원구 하계동,중상사고,0,1,0,0,차대차 - 정면충돌,안전운전불이행,포장 - 건조,맑음,단일로 - 기타,자전거,남,66세,상해없음,자전거,남,65세,중상
2020112400100555,2020년 11월 24일 20시,화요일,서울특별시 구로구 구로동,중상사고,0,1,0,0,차대차 - 기타,안전운전불이행,포장 - 건조,맑음,교차로 - 교차로부근,화물,남,51세,상해없음,자전거,여,35세,중상
2020112400100576,2020년 11월 24일 21시,화요일,서울특별시 성동구 마장동,중상사고,0,1,1,0,차대차 - 정면충돌,신호위반,포장 - 건조,맑음,단일로 - 기타,이륜,남,33세,상해없음,자전거,남,11세,중상
2020112400100579,2020년 11월 24일 21시,화요일,서울특별시 송파구 석촌동,경상사고,0,0,1,0,차대차 - 측면충돌,안전운전불이행,포장 - 건조,맑음,교차로 - 교차로횡단보도내,승용,남,55세,상해없음,자전거,여,50세,경상
2020112500100181,2020년 11월 25일 11시,수요일,서울특별시 송파구 가락동,경상사고,0,0,1,0,차대차 - 측면충돌,안전운전불이행,포장 - 건조,맑음,교차로 - 교차로부근,이륜,남,25세,상해없음,자전거,여,54세,경상
2020112500100360,2020년 11월 25일 16시,수요일,서울특별시 노원구 중계동,중상사고,0,1,0,0,차대차 - 측면충돌,안전운전불이행,포장 - 건조,맑음,교차로 - 교차로횡단보도내,승용,남,51세,상해없음,자전거,남,10세,중상
2020112500100403,2020년 11월 25일 17시,수요일,서울특별시 송파구 거여동,중상사고,0,1,0,0,차대차 - 측면충돌,안전운전불이행,포장 - 건조,맑음,단일로 - 기타,승용,남,49세,상해없음,자전거,남,40세,중상
2020112600100204,2020년 11월 26일 12시,목요일,서울특별시 동대문구 휘경동,중상사고,0,1,0,0,차대차 - 기타,안전거리미확보,포장 - 건조,맑음,교차로 - 교차로부근,승용,남,56세,상해없음,자전거,여,44세,중상
2020112600100562,2020년 11월 26일 21시,목요일,서울특별시 강동구 성내동,중상사고,0,1,0,0,차대차 - 측면충돌,안전운전불이행,포장 - 건조,맑음,교차로 - 교차로안,승합,남,53세,상해없음,자전거,남,64세,중상
2020112700100039,2020년 11월 27일 06시,금요일,서울특별시 강서구 가양동,경상사고,0,0,1,0,차대차 - 기타,안전운전불이행,포장 - 건조,맑음,교차로 - 교차로횡단보도내,승합,남,72세,상해없음,자전거,남,68세,경상
2020112700100274,2020년 11월 27일 15시,금요일,서울특별시 동대문구 장안동,경상사고,0,0,1,0,차대차 - 측면충돌,안전거리미확보,포장 - 건조,맑음,교차로 - 교차로횡단보도내,승용,남,75세,상해없음,자전거,여,69세,경상
2020112700100315,2020년 11월 27일 16시,금요일,서울특별시 성북구 성북동,경상사고,0,0,1,0,차대차 - 측면충돌,직진우회전진행방해,포장 - 건조,맑음,교차로 - 교차로안,승용,남,66세,상해없음,자전거,남,60세,경상
2020112700100507,2020년 11월 27일 19시,금요일,서울특별시 송파구 장지동,경상사고,0,0,1,0,차대차 - 기타,신호위반,포장 - 건조,맑음,교차로 - 교차로횡단보도내,승용,여,59세,상해없음,자전거,여,38세,경상
2020112700100557,2020년 11월 27일 20시,금요일,서울특별시 광진구 광장동,경상사고,0,0,1,0,차대차 - 측면충돌,신호위반,포장 - 건조,맑음,단일로 - 교량,승용,남,38세,상해없음,자전거,남,40세,경상
2020112800100267,2020년 11월 28일 14시,토요일,서울특별시 노원구 상계동,경상사고,0,0,1,0,차대차 - 측면충돌,안전운전불이행,포장 - 건조,맑음,교차로 - 교차로부근,화물,남,37세,상해없음,자전거,여,60세,경상
2020112800100461,2020년 11월 28일 19시,토요일,서울특별시 중랑구 망우동,경상사고,0,0,1,0,차대차 - 후진중충돌,불법유턴,포장 - 건조,맑음,단일로 - 기타,승용,남,53세,상해없음,자전거,남,66세,경상
2020113000100031,2020년 11월 30일 06시,월요일,서울특별시 송파구 풍납동,중상사고,0,1,0,0,차대차 - 기타,과속,포장 - 건조,맑음,교차로 - 교차로안,승용,남,44세,상해없음,자전거,남,76세,중상
2020113000100036,2020년 11월 30일 06시,월요일,서울특별시 서초구 방배동,중상사고,0,1,0,0,차대차 - 측면충돌,안전운전불이행,포장 - 건조,맑음,단일로 - 기타,승용,남,69세,상해없음,자전거,남,79세,중상
2020113000100224,2020년 11월 30일 12시,월요일,서울특별시 송파구 삼전동,중상사고,0,1,0,0,차대차 - 기타,안전운전불이행,포장 - 건조,맑음,단일로 - 기타,승용,남,25세,상해없음,자전거,여,71세,중상
2020113000100293,2020년 11월 30일 14시,월요일,서울특별시 강동구 천호동,경상사고,0,0,1,0,차대차 - 측면충돌,기타,포장 - 건조,맑음,단일로 - 기타,화물,남,72세,상해없음,자전거,남,71세,경상
2020120100100026,2020년 12월 1일 06시,화요일,서울특별시 강남구 도곡동,중상사고,0,1,0,0,차대차 - 기타,안전운전불이행,포장 - 건조,맑음,교차로 - 교차로안,승합,남,68세,상해없음,자전거,남,64세,중상
2020120100100078,2020년 12월 1일 08시,화요일,서울특별시 양천구 신정동,중상사고,0,1,0,0,차대차 - 기타,안전운전불이행,포장 - 건조,맑음,기타 - 기타,승용,남,51세,상해없음,자전거,여,52세,중상
2020120100100157,2020년 12월 1일 10시,화요일,서울특별시 송파구 잠실동,경상사고,0,0,1,0,차대차 - 측면충돌,안전운전불이행,포장 - 건조,맑음,단일로 - 기타,자전거,여,66세,경상,자전거,여,39세,상해없음
2020120100100595,2020년 12월 1일 21시,화요일,서울특별시 송파구 삼전동,부상신고사고,0,0,0,1,차대차 - 측면충돌,안전운전불이행,포장 - 건조,맑음,교차로 - 교차로안,화물,남,42세,상해없음,자전거,남,37세,부상신고
2020120100100639,2020년 12월 1일 23시,화요일,서울특별시 동대문구 장안동,경상사고,0,0,2,0,차대차 - 기타,안전운전불이행,포장 - 건조,맑음,교차로 - 교차로부근,이륜,남,51세,경상,자전거,여,24세,경상
2020120200100335,2020년 12월 2일 17시,수요일,서울특별시 송파구 삼전동,경상사고,0,0,1,0,차대차 - 기타,안전운전불이행,포장 - 건조,맑음,교차로 - 교차로안,승용,여,36세,상해없음,자전거,남,52세,경상
2020120200100455,2020년 12월 2일 19시,수요일,서울특별시 광진구 화양동,경상사고,0,0,2,0,차대차 - 기타,신호위반,포장 - 건조,맑음,단일로 - 기타,화물,남,63세,상해없음,자전거,여,47세,경상
2020120200100456,2020년 12월 2일 19시,수요일,서울특별시 광진구 자양동,중상사고,0,1,0,0,차대차 - 측면충돌,안전운전불이행,포장 - 건조,맑음,교차로 - 교차로안,이륜,남,65세,상해없음,자전거,여,58세,중상
2020120200100460,2020년 12월 2일 19시,수요일,서울특별시 강서구 염창동,경상사고,0,0,1,0,차대차 - 추돌,안전운전불이행,포장 - 건조,맑음,단일로 - 기타,승용,남,61세,상해없음,자전거,남,23세,경상
2020120300100185,2020년 12월 3일 12시,목요일,서울특별시 관악구 신림동,사망사고,1,0,0,0,차대차 - 기타,교차로운행방법위반,포장 - 건조,맑음,교차로 - 교차로안,화물,남,55세,상해없음,자전거,남,53세,사망
2020120300100357,2020년 12월 3일 17시,목요일,서울특별시 송파구 삼전동,경상사고,0,0,1,0,차대차 - 측면충돌,기타,포장 - 건조,맑음,교차로 - 교차로안,승용,남,36세,상해없음,자전거,남,12세,경상
2020120400100042,2020년 12월 4일 06시,금요일,서울특별시 관악구 신림동,경상사고,0,0,1,0,차대차 - 기타,교차로운행방법위반,포장 - 기타,기타,교차로 - 교차로안,화물,남,49세,상해없음,자전거,남,22세,경상
2020120400100071,2020년 12월 4일 07시,금요일,서울특별시 양천구 신정동,경상사고,0,0,1,0,차대차 - 기타,신호위반,포장 - 건조,맑음,단일로 - 기타,승용,남,63세,상해없음,자전거,남,14세,경상
2020120400100321,2020년 12월 4일 15시,금요일,서울특별시 동대문구 전농동,중상사고,0,1,0,0,차대차 - 기타,안전거리미확보,포장 - 건조,맑음,단일로 - 기타,이륜,남,44세,상해없음,자전거,여,59세,중상
2020120400100399,2020년 12월 4일 17시,금요일,서울특별시 강동구 천호동,중상사고,0,1,0,0,차대차 - 기타,안전운전불이행,포장 - 건조,맑음,단일로 - 기타,승용,여,50세,상해없음,자전거,남,10세,중상
2020120400100658,2020년 12월 4일 23시,금요일,서울특별시 동작구 대방동,경상사고,0,0,1,0,차대차 - 측면충돌,안전거리미확보,포장 - 건조,맑음,단일로 - 기타,승용,여,49세,상해없음,자전거,남,61세,경상
2020120500100040,2020년 12월 5일 05시,토요일,서울특별시 송파구 가락동,경상사고,0,0,1,0,차대차 - 기타,안전운전불이행,포장 - 건조,맑음,교차로 - 교차로횡단보도내,화물,남,60세,상해없음,자전거,남,52세,경상
2020120500100213,2020년 12월 5일 13시,토요일,서울특별시 강북구 수유동,경상사고,0,0,1,0,차대차 - 추돌,안전운전불이행,포장 - 건조,맑음,단일로 - 기타,승용,여,77세,상해없음,자전거,남,82세,경상
2020120600100188,2020년 12월 6일 14시,일요일,서울특별시 관악구 신림동,중상사고,0,1,0,0,차대차 - 기타,기타,포장 - 건조,맑음,단일로 - 기타,화물,남,57세,상해없음,자전거,남,41세,중상
2020120600100270,2020년 12월 6일 17시,일요일,서울특별시 송파구 삼전동,경상사고,0,0,1,0,차대차 - 기타,안전운전불이행,포장 - 건조,맑음,교차로 - 교차로안,이륜,남,22세,상해없음,자전거,남,45세,경상
2020120600100297,2020년 12월 6일 18시,일요일,서울특별시 강서구 마곡동,중상사고,0,1,0,0,차대차 - 기타,안전운전불이행,포장 - 건조,맑음,기타 - 기타,이륜,남,16세,상해없음,자전거,남,58세,중상
2020120700100078,2020년 12월 7일 08시,월요일,서울특별시 동대문구 휘경동,중상사고,0,1,0,0,차대차 - 기타,기타,포장 - 건조,맑음,단일로 - 기타,승용,남,66세,상해없음,자전거,여,30세,중상
2020120800100197,2020년 12월 8일 12시,화요일,서울특별시 강동구 성내동,중상사고,0,1,0,0,차대차 - 정면충돌,신호위반,포장 - 건조,맑음,교차로 - 교차로횡단보도내,승용,여,46세,상해없음,자전거,여,70세,중상
2020120800100200,2020년 12월 8일 12시,화요일,서울특별시 은평구 갈현동,경상사고,0,0,1,0,차대차 - 기타,기타,포장 - 건조,맑음,단일로 - 기타,승용,남,58세,기타불명,자전거,여,13세,경상
2020120800100268,2020년 12월 8일 14시,화요일,서울특별시 강북구 번동,중상사고,0,1,0,0,차대차 - 기타,안전거리미확보,포장 - 건조,흐림,단일로 - 기타,화물,남,45세,상해없음,자전거,남,68세,중상
2020120900100119,2020년 12월 9일 09시,수요일,서울특별시 강서구 마곡동,중상사고,0,1,0,0,차대차 - 기타,안전운전불이행,포장 - 건조,맑음,교차로 - 교차로부근,승용,남,74세,상해없음,자전거,남,35세,중상
2020120900100155,2020년 12월 9일 10시,수요일,서울특별시 양천구 목동,경상사고,0,0,1,0,차대차 - 기타,안전운전불이행,포장 - 건조,맑음,단일로 - 기타,승용,남,67세,상해없음,자전거,여,51세,경상
2020120900100263,2020년 12월 9일 14시,수요일,서울특별시 영등포구 대림동,경상사고,0,0,1,0,차대차 - 기타,중앙선침범,포장 - 건조,맑음,단일로 - 기타,이륜,남,19세,상해없음,자전거,여,68세,경상
2020120900100394,2020년 12월 9일 18시,수요일,서울특별시 강서구 화곡동,경상사고,0,0,1,0,차대차 - 측면충돌,안전운전불이행,포장 - 건조,맑음,교차로 - 교차로부근,승용,남,63세,상해없음,자전거,여,63세,경상
2020121100100385,2020년 12월 11일 18시,금요일,서울특별시 동작구 노량진동,경상사고,0,0,1,0,차대차 - 측면충돌,안전운전불이행,포장 - 건조,맑음,단일로 - 기타,승합,남,56세,상해없음,자전거,남,41세,경상
2020121100100603,2020년 12월 11일 23시,금요일,서울특별시 송파구 석촌동,경상사고,0,0,2,0,차대차 - 기타,신호위반,포장 - 건조,맑음,단일로 - 기타,이륜,남,19세,경상,자전거,남,64세,경상
2020121200100148,2020년 12월 12일 12시,토요일,서울특별시 관악구 신림동,중상사고,0,1,0,0,차대차 - 기타,안전운전불이행,포장 - 건조,맑음,기타 - 기타,승합,남,55세,상해없음,자전거,여,71세,중상
2020121300100060,2020년 12월 13일 09시,일요일,서울특별시 구로구 구로동,경상사고,0,0,1,0,차대차 - 기타,신호위반,포장 - 젖음/습기,흐림,교차로 - 교차로안,승용,남,62세,상해없음,자전거,남,49세,경상
2020121400100320,2020년 12월 14일 16시,월요일,서울특별시 중랑구 면목동,경상사고,0,0,1,0,차대차 - 기타,기타,포장 - 건조,맑음,단일로 - 기타,승용,남,54세,상해없음,자전거,남,76세,경상
2020121400100388,2020년 12월 14일 18시,월요일,서울특별시 강동구 천호동,중상사고,0,1,0,0,차대차 - 추돌,안전운전불이행,포장 - 건조,맑음,단일로 - 기타,승용,남,59세,상해없음,자전거,여,66세,중상
2020121500100228,2020년 12월 15일 14시,화요일,서울특별시 동대문구 용두동,경상사고,0,0,1,0,차대차 - 측면충돌,신호위반,포장 - 건조,맑음,교차로 - 교차로횡단보도내,승용,남,39세,상해없음,자전거,남,54세,경상
2020121500100230,2020년 12월 15일 14시,화요일,서울특별시 서초구 양재동,경상사고,0,0,1,0,차대차 - 측면충돌,교차로운행방법위반,포장 - 건조,맑음,교차로 - 교차로안,화물,남,59세,상해없음,자전거,남,74세,경상
2020121600100433,2020년 12월 16일 19시,수요일,서울특별시 강서구 마곡동,경상사고,0,0,1,0,차대차 - 측면충돌,안전운전불이행,포장 - 건조,맑음,단일로 - 기타,승용,남,53세,상해없음,자전거,남,37세,경상
2020121700100217,2020년 12월 17일 12시,목요일,서울특별시 서초구 방배동,경상사고,0,0,1,0,차대차 - 측면충돌,교차로운행방법위반,포장 - 건조,맑음,교차로 - 교차로안,승용,남,46세,상해없음,자전거,남,23세,경상
2020121800100014,2020년 12월 18일 04시,금요일,서울특별시 동대문구 장안동,중상사고,0,1,0,0,차대차 - 측면충돌,안전운전불이행,포장 - 건조,맑음,교차로 - 교차로횡단보도내,승용,남,61세,상해없음,자전거,남,65세,중상
2020121800100163,2020년 12월 18일 11시,금요일,서울특별시 노원구 상계동,경상사고,0,0,1,0,차대차 - 기타,안전운전불이행,포장 - 건조,맑음,교차로 - 교차로부근,승용,여,57세,상해없음,자전거,남,27세,경상
2020121800100164,2020년 12월 18일 11시,금요일,서울특별시 노원구 월계동,경상사고,0,0,1,0,차대차 - 측면충돌,안전거리미확보,포장 - 건조,맑음,단일로 - 기타,승합,남,62세,상해없음,자전거,남,39세,경상
2020121800100297,2020년 12월 18일 15시,금요일,서울특별시 성북구 종암동,경상사고,0,0,1,0,차대차 - 측면충돌,안전운전불이행,포장 - 건조,맑음,교차로 - 교차로안,화물,남,60세,상해없음,자전거,여,55세,경상
2020121900100143,2020년 12월 19일 12시,토요일,서울특별시 마포구 상암동,중상사고,0,1,0,0,차대차 - 측면충돌,안전운전불이행,포장 - 건조,맑음,교차로 - 교차로안,특수,남,42세,상해없음,자전거,여,54세,중상
2020121900100368,2020년 12월 19일 18시,토요일,서울특별시 노원구 중계동,경상사고,0,0,1,0,차대차 - 기타,신호위반,포장 - 건조,맑음,교차로 - 교차로횡단보도내,이륜,남,29세,상해없음,자전거,남,40세,경상
2020122000100221,2020년 12월 20일 18시,일요일,서울특별시 송파구 잠실동,경상사고,0,0,1,0,차대차 - 측면충돌,신호위반,포장 - 건조,맑음,교차로 - 교차로횡단보도내,원동기,남,48세,상해없음,자전거,남,34세,경상
2020122000100316,2020년 12월 20일 21시,일요일,서울특별시 노원구 상계동,경상사고,0,0,1,0,차대차 - 기타,신호위반,포장 - 건조,맑음,교차로 - 교차로횡단보도내,이륜,남,17세,상해없음,자전거,남,19세,경상
2020122100100033,2020년 12월 21일 06시,월요일,서울특별시 서대문구 북가좌동,중상사고,0,1,0,0,차대차 - 측면충돌,안전운전불이행,포장 - 건조,맑음,교차로 - 교차로횡단보도내,승용,남,66세,상해없음,자전거,남,81세,중상
2020122100100225,2020년 12월 21일 12시,월요일,서울특별시 송파구 오금동,경상사고,0,0,1,0,차대차 - 기타,안전운전불이행,포장 - 건조,맑음,단일로 - 기타,승용,남,48세,상해없음,자전거,남,32세,경상
2020122100100441,2020년 12월 21일 18시,월요일,서울특별시 마포구 노고산동,중상사고,0,1,0,0,차대차 - 측면충돌,안전운전불이행,포장 - 건조,맑음,단일로 - 기타,승용,남,80세,상해없음,자전거,남,60세,중상
2020122100100559,2020년 12월 21일 20시,월요일,서울특별시 노원구 중계동,부상신고사고,0,0,0,1,차대차 - 기타,안전운전불이행,포장 - 건조,맑음,단일로 - 기타,자전거,여,48세,부상신고,자전거,여,64세,상해없음
2020122200100219,2020년 12월 22일 13시,화요일,서울특별시 서초구 서초동,중상사고,0,1,0,0,차대차 - 측면충돌,안전거리미확보,포장 - 건조,맑음,단일로 - 기타,승용,남,57세,상해없음,자전거,남,77세,중상
2020122200100282,2020년 12월 22일 15시,화요일,서울특별시 송파구 가락동,경상사고,0,0,1,0,차대차 - 기타,안전운전불이행,포장 - 건조,맑음,단일로 - 기타,승용,여,48세,기타불명,자전거,남,31세,경상
2020122300100317,2020년 12월 23일 16시,수요일,서울특별시 강동구 고덕동,경상사고,0,0,1,0,차대차 - 기타,안전운전불이행,포장 - 건조,맑음,단일로 - 기타,자전거,남,60세,경상,자전거,여,56세,상해없음
2020122300100487,2020년 12월 23일 19시,수요일,서울특별시 강서구 등촌동,경상사고,0,0,1,0,차대차 - 측면충돌,안전운전불이행,포장 - 건조,맑음,교차로 - 교차로횡단보도내,이륜,남,29세,상해없음,자전거,남,41세,경상
2020122400100224,2020년 12월 24일 13시,목요일,서울특별시 마포구 아현동,사망사고,1,0,0,0,차대차 - 기타,신호위반,포장 - 건조,맑음,교차로 - 교차로안,승합,남,70세,상해없음,자전거,남,83세,사망
2020122400100228,2020년 12월 24일 13시,목요일,서울특별시 구로구 구로동,경상사고,0,0,1,0,차대차 - 기타,직진우회전진행방해,포장 - 건조,맑음,교차로 - 교차로안,화물,남,60세,상해없음,자전거,남,23세,경상
2020122400100434,2020년 12월 24일 18시,목요일,서울특별시 강동구 천호동,중상사고,0,1,0,0,차대차 - 기타,안전운전불이행,포장 - 건조,맑음,교차로 - 교차로부근,기타불명,기타불명,미분류,기타불명,자전거,남,9세,중상
2020122400100637,2020년 12월 24일 22시,목요일,서울특별시 강동구 길동,경상사고,0,0,1,0,차대차 - 기타,기타,포장 - 건조,맑음,단일로 - 기타,승용,남,56세,상해없음,자전거,남,44세,경상
2020122500100122,2020년 12월 25일 13시,금요일,서울특별시 양천구 신정동,경상사고,0,0,1,0,차대차 - 기타,기타,포장 - 건조,맑음,교차로 - 교차로횡단보도내,승용,남,29세,상해없음,자전거,여,71세,경상
2020122500100173,2020년 12월 25일 15시,금요일,서울특별시 영등포구 여의도동,경상사고,0,0,1,0,차대차 - 정면충돌,안전운전불이행,포장 - 건조,맑음,교차로 - 교차로안,승용,남,27세,상해없음,자전거,남,42세,경상
2020122500100220,2020년 12월 25일 17시,금요일,서울특별시 성동구 상왕십리동,부상신고사고,0,0,0,1,차대차 - 기타,안전운전불이행,포장 - 건조,맑음,기타 - 기타,자전거,기타불명,미분류,기타불명,자전거,남,66세,부상신고
2020122600100245,2020년 12월 26일 17시,토요일,서울특별시 용산구 한강로2가,중상사고,0,1,0,0,차대차 - 측면충돌,안전운전불이행,포장 - 건조,맑음,단일로 - 기타,승용,여,70세,상해없음,자전거,남,73세,중상
2020122700100001,2020년 12월 27일 00시,일요일,서울특별시 강서구 화곡동,경상사고,0,0,1,0,차대차 - 기타,안전운전불이행,포장 - 건조,맑음,단일로 - 기타,기타불명,기타불명,미분류,기타불명,자전거,남,19세,경상
2020122700100079,2020년 12월 27일 13시,일요일,서울특별시 중랑구 면목동,부상신고사고,0,0,0,1,차대차 - 기타,안전운전불이행,포장 - 건조,맑음,단일로 - 기타,자전거,남,76세,부상신고,자전거,남,41세,상해없음
2020122800100133,2020년 12월 28일 10시,월요일,서울특별시 마포구 상암동,중상사고,0,1,0,0,차대차 - 측면충돌,신호위반,포장 - 건조,맑음,단일로 - 기타,승용,남,75세,상해없음,자전거,남,78세,중상
2020122800100138,2020년 12월 28일 10시,월요일,서울특별시 강남구 일원동,경상사고,0,0,1,0,차대차 - 추돌,안전운전불이행,포장 - 건조,맑음,단일로 - 기타,승용,여,41세,상해없음,자전거,남,82세,경상
2020122800100237,2020년 12월 28일 13시,월요일,서울특별시 은평구 갈현동,경상사고,0,0,1,0,차대차 - 측면충돌,안전운전불이행,포장 - 건조,맑음,교차로 - 교차로안,승용,여,29세,상해없음,자전거,남,88세,경상
2020122800100276,2020년 12월 28일 14시,월요일,서울특별시 노원구 상계동,부상신고사고,0,0,0,1,차대차 - 측면충돌,안전운전불이행,포장 - 건조,맑음,단일로 - 기타,기타불명,기타불명,미분류,기타불명,자전거,남,71세,상해없음
2020122900100167,2020년 12월 29일 14시,화요일,서울특별시 마포구 상암동,경상사고,0,0,1,0,차대차 - 정면충돌,기타,포장 - 건조,흐림,단일로 - 기타,특수,남,30세,상해없음,자전거,여,57세,경상
2020122900100220,2020년 12월 29일 16시,화요일,서울특별시 성동구 성수동2가,중상사고,0,1,0,0,차대차 - 측면충돌,안전운전불이행,포장 - 건조,맑음,교차로 - 교차로부근,승용,남,41세,상해없음,자전거,남,58세,중상
2020122900100352,2020년 12월 29일 19시,화요일,서울특별시 중랑구 묵동,부상신고사고,0,0,0,1,차대차 - 측면충돌,교차로운행방법위반,포장 - 건조,흐림,교차로 - 교차로안,승용,남,25세,상해없음,자전거,남,23세,부상신고
2020123000100262,2020년 12월 30일 15시,수요일,서울특별시 노원구 상계동,경상사고,0,0,1,0,차대차 - 기타,안전운전불이행,포장 - 건조,맑음,교차로 - 교차로안,건설기계,남,41세,상해없음,자전거,남,78세,경상
2020123100100150,2020년 12월 31일 12시,목요일,서울특별시 강남구 수서동,중상사고,0,1,0,0,차대차 - 기타,안전운전불이행,포장 - 건조,맑음,단일로 - 기타,기타불명,기타불명,미분류,기타불명,자전거,남,79세,중상
2020123100100213,2020년 12월 31일 14시,목요일,서울특별시 구로구 구로동,경상사고,0,0,1,0,차대차 - 기타,안전운전불이행,포장 - 건조,맑음,교차로 - 교차로안,승용,남,66세,상해없음,자전거,남,59세,경상
2020123100100381,2020년 12월 31일 18시,목요일,서울특별시 강북구 번동,경상사고,0,0,1,0,차대차 - 측면충돌,교차로운행방법위반,포장 - 건조,맑음,교차로 - 교차로안,승용,남,59세,상해없음,자전거,남,28세,경상
2020123100100571,2020년 12월 31일 22시,목요일,서울특별시 동대문구 제기동,경상사고,0,0,1,0,차대차 - 기타,안전운전불이행,포장 - 건조,맑음,단일로 - 기타,화물,남,35세,상해없음,자전거,남,41세,경상